exp_name,hardware_profile,model,dataset_size,train_size,test_size,val_size,feature_num,complexity,hyperparameters,seed,data_time_span,train_time,peak_ram,avg_ram,model_size,effective_epochs,rmse,mae,inference_time,inference_batch_size,resource_efficiency
linear_ds1000_s42_none_na_001,"{""cpu"": ""arm"", ""ram_gb"": 16.0, ""gpu"": false}",linear,1000,800,200,0,6,low,"{'copy_X': True, 'fit_intercept': True, 'n_jobs': None, 'positive': False}",42,"['2011-01-02 00:15:00', '2011-01-12 10:00:00']",0.003915,314.5427,314.451,0.00050163,1,50.7479,32.0395,0.0001,200,5176.410087
linear_ds1000_s42_L2_a0.01_002,"{""cpu"": ""arm"", ""ram_gb"": 16.0, ""gpu"": false}",linear,1000,800,200,0,6,low,"{'alpha': 0.01, 'copy_X': True, 'fit_intercept': True, 'max_iter': None, 'positive': False, 'random_state': None, 'solver': 'auto', 'tol': 0.0001}",42,"['2011-01-02 00:15:00', '2011-01-12 10:00:00']",0.002229,331.6793,331.6365,0.00045872,1,50.7474,32.0401,0.0001,200,4990.551871
linear_ds1000_s42_L2_a1.0_003,"{""cpu"": ""arm"", ""ram_gb"": 16.0, ""gpu"": false}",linear,1000,800,200,0,6,low,"{'alpha': 1.0, 'copy_X': True, 'fit_intercept': True, 'max_iter': None, 'positive': False, 'random_state': None, 'solver': 'auto', 'tol': 0.0001}",42,"['2011-01-02 00:15:00', '2011-01-12 10:00:00']",0.000637,346.3118,346.2731,0.000453,1,50.6991,32.1081,0.0,200,4876.384397
linear_ds1000_s42_L2_a10.0_004,"{""cpu"": ""arm"", ""ram_gb"": 16.0, ""gpu"": false}",linear,1000,800,200,0,6,low,"{'alpha': 10.0, 'copy_X': True, 'fit_intercept': True, 'max_iter': None, 'positive': False, 'random_state': None, 'solver': 'auto', 'tol': 0.0001}",42,"['2011-01-02 00:15:00', '2011-01-12 10:00:00']",0.000714,360.9212,360.8825,0.00045204,1,50.5864,32.9774,0.0,200,4686.123963
linear_ds1000_s123_none_na_005,"{""cpu"": ""arm"", ""ram_gb"": 16.0, ""gpu"": false}",linear,1000,800,200,0,6,low,"{'copy_X': True, 'fit_intercept': True, 'n_jobs': None, 'positive': False}",123,"['2011-01-02 00:15:00', '2011-01-12 10:00:00']",0.001074,376.7714,376.6982,0.00050163,1,50.7479,32.0395,0.0,200,4507.428977
linear_ds1000_s123_L2_a0.01_006,"{""cpu"": ""arm"", ""ram_gb"": 16.0, ""gpu"": false}",linear,1000,800,200,0,6,low,"{'alpha': 0.01, 'copy_X': True, 'fit_intercept': True, 'max_iter': None, 'positive': False, 'random_state': None, 'solver': 'auto', 'tol': 0.0001}",123,"['2011-01-02 00:15:00', '2011-01-12 10:00:00']",0.000687,390.6399,390.6012,0.00045872,1,50.7474,32.0401,0.0,200,4382.978612
linear_ds1000_s123_L2_a1.0_007,"{""cpu"": ""arm"", ""ram_gb"": 16.0, ""gpu"": false}",linear,1000,800,200,0,6,low,"{'alpha': 1.0, 'copy_X': True, 'fit_intercept': True, 'max_iter': None, 'positive': False, 'random_state': None, 'solver': 'auto', 'tol': 0.0001}",123,"['2011-01-02 00:15:00', '2011-01-12 10:00:00']",0.000727,406.2649,406.2262,0.000453,1,50.6991,32.1081,0.0,200,4233.434451
linear_ds1000_s123_L2_a10.0_008,"{""cpu"": ""arm"", ""ram_gb"": 16.0, ""gpu"": false}",linear,1000,800,200,0,6,low,"{'alpha': 10.0, 'copy_X': True, 'fit_intercept': True, 'max_iter': None, 'positive': False, 'random_state': None, 'solver': 'auto', 'tol': 0.0001}",123,"['2011-01-02 00:15:00', '2011-01-12 10:00:00']",0.000721,420.5149,420.4762,0.00045204,1,50.5864,32.9774,0.0,200,4106.248289
linear_ds1000_s999_none_na_009,"{""cpu"": ""arm"", ""ram_gb"": 16.0, ""gpu"": false}",linear,1000,800,200,0,6,low,"{'copy_X': True, 'fit_intercept': True, 'n_jobs': None, 'positive': False}",999,"['2011-01-02 00:15:00', '2011-01-12 10:00:00']",0.001136,435.8652,435.792,0.00050163,1,50.7479,32.0395,0.0,200,3960.55991
linear_ds1000_s999_L2_a0.01_010,"{""cpu"": ""arm"", ""ram_gb"": 16.0, ""gpu"": false}",linear,1000,800,200,0,6,low,"{'alpha': 0.01, 'copy_X': True, 'fit_intercept': True, 'max_iter': None, 'positive': False, 'random_state': None, 'solver': 'auto', 'tol': 0.0001}",999,"['2011-01-02 00:15:00', '2011-01-12 10:00:00']",0.000751,451.8118,451.7731,0.00045872,1,50.7474,32.0401,0.0,200,3835.041358
linear_ds1000_s999_L2_a1.0_011,"{""cpu"": ""arm"", ""ram_gb"": 16.0, ""gpu"": false}",linear,1000,800,200,0,6,low,"{'alpha': 1.0, 'copy_X': True, 'fit_intercept': True, 'max_iter': None, 'positive': False, 'random_state': None, 'solver': 'auto', 'tol': 0.0001}",999,"['2011-01-02 00:15:00', '2011-01-12 10:00:00']",0.00073,465.4212,465.3825,0.000453,1,50.6991,32.1081,0.0,200,3755.548957
linear_ds1000_s999_L2_a10.0_012,"{""cpu"": ""arm"", ""ram_gb"": 16.0, ""gpu"": false}",linear,1000,800,200,0,6,low,"{'alpha': 10.0, 'copy_X': True, 'fit_intercept': True, 'max_iter': None, 'positive': False, 'random_state': None, 'solver': 'auto', 'tol': 0.0001}",999,"['2011-01-02 00:15:00', '2011-01-12 10:00:00']",0.000651,478.8899,478.8512,0.00045204,1,50.5864,32.9774,0.0,200,3664.926045
linear_ds10000_s42_none_na_013,"{""cpu"": ""arm"", ""ram_gb"": 16.0, ""gpu"": false}",linear,10000,8000,2000,0,6,low,"{'copy_X': True, 'fit_intercept': True, 'n_jobs': None, 'positive': False}",42,"['2011-01-02 00:15:00', '2011-04-16 04:00:00']",0.001684,494.238,493.5331,0.00050831,1,45.5907,31.4668,0.0098,2000,381.147747
linear_ds10000_s42_L2_a0.01_014,"{""cpu"": ""arm"", ""ram_gb"": 16.0, ""gpu"": false}",linear,10000,8000,2000,0,6,low,"{'alpha': 0.01, 'copy_X': True, 'fit_intercept': True, 'max_iter': None, 'positive': False, 'random_state': None, 'solver': 'auto', 'tol': 0.0001}",42,"['2011-01-02 00:15:00', '2011-04-16 04:00:00']",0.022254,511.922,511.7032,0.00045776,1,45.5907,31.4669,0.044,2000,88.643902
linear_ds10000_s42_L2_a1.0_015,"{""cpu"": ""arm"", ""ram_gb"": 16.0, ""gpu"": false}",linear,10000,8000,2000,0,6,low,"{'alpha': 1.0, 'copy_X': True, 'fit_intercept': True, 'max_iter': None, 'positive': False, 'random_state': None, 'solver': 'auto', 'tol': 0.0001}",42,"['2011-01-02 00:15:00', '2011-04-16 04:00:00']",0.000798,527.7658,527.5469,0.0004549,1,45.5889,31.4692,0.0001,2000,3659.728695
linear_ds10000_s42_L2_a10.0_016,"{""cpu"": ""arm"", ""ram_gb"": 16.0, ""gpu"": false}",linear,10000,8000,2000,0,6,low,"{'alpha': 10.0, 'copy_X': True, 'fit_intercept': True, 'max_iter': None, 'positive': False, 'random_state': None, 'solver': 'auto', 'tol': 0.0001}",42,"['2011-01-02 00:15:00', '2011-04-16 04:00:00']",0.000811,543.8751,543.6563,0.0004549,1,45.5781,31.4935,0.0001,2000,3581.635023
linear_ds10000_s123_none_na_017,"{""cpu"": ""arm"", ""ram_gb"": 16.0, ""gpu"": false}",linear,10000,8000,2000,0,6,low,"{'copy_X': True, 'fit_intercept': True, 'n_jobs': None, 'positive': False}",123,"['2011-01-02 00:15:00', '2011-04-16 04:00:00']",0.002352,556.613,555.9081,0.00050831,1,45.5907,31.4668,0.0022,2000,1172.390305
linear_ds10000_s123_L2_a0.01_018,"{""cpu"": ""arm"", ""ram_gb"": 16.0, ""gpu"": false}",linear,10000,8000,2000,0,6,low,"{'alpha': 0.01, 'copy_X': True, 'fit_intercept': True, 'max_iter': None, 'positive': False, 'random_state': None, 'solver': 'auto', 'tol': 0.0001}",123,"['2011-01-02 00:15:00', '2011-04-16 04:00:00']",0.000818,568.3439,568.1251,0.00045776,1,45.5907,31.4669,0.003,2000,917.382023
linear_ds10000_s123_L2_a1.0_019,"{""cpu"": ""arm"", ""ram_gb"": 16.0, ""gpu"": false}",linear,10000,8000,2000,0,6,low,"{'alpha': 1.0, 'copy_X': True, 'fit_intercept': True, 'max_iter': None, 'positive': False, 'random_state': None, 'solver': 'auto', 'tol': 0.0001}",123,"['2011-01-02 00:15:00', '2011-04-16 04:00:00']",0.000812,581.0314,580.8126,0.0004549,1,45.5889,31.4692,0.0042,2000,686.655722
linear_ds10000_s123_L2_a10.0_020,"{""cpu"": ""arm"", ""ram_gb"": 16.0, ""gpu"": false}",linear,10000,8000,2000,0,6,low,"{'alpha': 10.0, 'copy_X': True, 'fit_intercept': True, 'max_iter': None, 'positive': False, 'random_state': None, 'solver': 'auto', 'tol': 0.0001}",123,"['2011-01-02 00:15:00', '2011-04-16 04:00:00']",0.000808,591.922,591.7032,0.0004549,1,45.5781,31.4935,0.0025,2000,989.876052
linear_ds10000_s999_none_na_021,"{""cpu"": ""arm"", ""ram_gb"": 16.0, ""gpu"": false}",linear,10000,8000,2000,0,6,low,"{'copy_X': True, 'fit_intercept': True, 'n_jobs': None, 'positive': False}",999,"['2011-01-02 00:15:00', '2011-04-16 04:00:00']",0.002434,602.3786,601.6737,0.00050831,1,45.5907,31.4668,0.0052,2000,553.124622
linear_ds10000_s999_L2_a0.01_022,"{""cpu"": ""arm"", ""ram_gb"": 16.0, ""gpu"": false}",linear,10000,8000,2000,0,6,low,"{'alpha': 0.01, 'copy_X': True, 'fit_intercept': True, 'max_iter': None, 'positive': False, 'random_state': None, 'solver': 'auto', 'tol': 0.0001}",999,"['2011-01-02 00:15:00', '2011-04-16 04:00:00']",0.000934,607.7345,607.5157,0.00045776,1,45.5907,31.4669,0.0054,2000,529.626145
linear_ds10000_s999_L2_a1.0_023,"{""cpu"": ""arm"", ""ram_gb"": 16.0, ""gpu"": false}",linear,10000,8000,2000,0,6,low,"{'alpha': 1.0, 'copy_X': True, 'fit_intercept': True, 'max_iter': None, 'positive': False, 'random_state': None, 'solver': 'auto', 'tol': 0.0001}",999,"['2011-01-02 00:15:00', '2011-04-16 04:00:00']",0.000916,618.0001,617.7813,0.0004549,1,45.5889,31.4692,0.001,2000,1689.989691
linear_ds10000_s999_L2_a10.0_024,"{""cpu"": ""arm"", ""ram_gb"": 16.0, ""gpu"": false}",linear,10000,8000,2000,0,6,low,"{'alpha': 10.0, 'copy_X': True, 'fit_intercept': True, 'max_iter': None, 'positive': False, 'random_state': None, 'solver': 'auto', 'tol': 0.0001}",999,"['2011-01-02 00:15:00', '2011-04-16 04:00:00']",0.001666,622.0314,621.8126,0.0004549,1,45.5781,31.4935,0.0037,2000,710.792153
linear_ds100000_s42_none_na_025,"{""cpu"": ""arm"", ""ram_gb"": 16.0, ""gpu"": false}",linear,100000,80000,20000,0,6,low,"{'copy_X': True, 'fit_intercept': True, 'n_jobs': None, 'positive': False}",42,"['2011-01-02 00:15:00', '2013-11-08 18:30:00']",0.015756,675.9816,668.9596,0.00050735,1,41.1023,29.312,0.0033,20000,803.082529
linear_ds100000_s42_L2_a0.01_026,"{""cpu"": ""arm"", ""ram_gb"": 16.0, ""gpu"": false}",linear,100000,80000,20000,0,6,low,"{'alpha': 0.01, 'copy_X': True, 'fit_intercept': True, 'max_iter': None, 'positive': False, 'random_state': None, 'solver': 'auto', 'tol': 0.0001}",42,"['2011-01-02 00:15:00', '2013-11-08 18:30:00']",0.002096,705.8297,703.6883,0.00045967,1,41.1023,29.312,0.0012,20000,1508.994362
linear_ds100000_s42_L2_a1.0_027,"{""cpu"": ""arm"", ""ram_gb"": 16.0, ""gpu"": false}",linear,100000,80000,20000,0,6,low,"{'alpha': 1.0, 'copy_X': True, 'fit_intercept': True, 'max_iter': None, 'positive': False, 'random_state': None, 'solver': 'auto', 'tol': 0.0001}",42,"['2011-01-02 00:15:00', '2013-11-08 18:30:00']",0.002212,716.736,714.5946,0.0004549,1,41.1018,29.3122,0.0001,20000,2888.847027
linear_ds100000_s42_L2_a10.0_028,"{""cpu"": ""arm"", ""ram_gb"": 16.0, ""gpu"": false}",linear,100000,80000,20000,0,6,low,"{'alpha': 10.0, 'copy_X': True, 'fit_intercept': True, 'max_iter': None, 'positive': False, 'random_state': None, 'solver': 'auto', 'tol': 0.0001}",42,"['2011-01-02 00:15:00', '2013-11-08 18:30:00']",0.002066,740.9235,738.7821,0.00045681,1,41.0978,29.3138,0.0005,20000,2167.680131
linear_ds100000_s123_none_na_029,"{""cpu"": ""arm"", ""ram_gb"": 16.0, ""gpu"": false}",linear,100000,80000,20000,0,6,low,"{'copy_X': True, 'fit_intercept': True, 'n_jobs': None, 'positive': False}",123,"['2011-01-02 00:15:00', '2013-11-08 18:30:00']",0.008989,770.9035,763.8814,0.00050735,1,41.1023,29.312,0.0061,20000,428.150404
linear_ds100000_s123_L2_a0.01_030,"{""cpu"": ""arm"", ""ram_gb"": 16.0, ""gpu"": false}",linear,100000,80000,20000,0,6,low,"{'alpha': 0.01, 'copy_X': True, 'fit_intercept': True, 'max_iter': None, 'positive': False, 'random_state': None, 'solver': 'auto', 'tol': 0.0001}",123,"['2011-01-02 00:15:00', '2013-11-08 18:30:00']",0.010589,775.1586,773.0168,0.00045967,1,41.1023,29.312,0.0017,20000,1105.125581
linear_ds100000_s123_L2_a1.0_031,"{""cpu"": ""arm"", ""ram_gb"": 16.0, ""gpu"": false}",linear,100000,80000,20000,0,6,low,"{'alpha': 1.0, 'copy_X': True, 'fit_intercept': True, 'max_iter': None, 'positive': False, 'random_state': None, 'solver': 'auto', 'tol': 0.0001}",123,"['2011-01-02 00:15:00', '2013-11-08 18:30:00']",0.002671,795.4079,793.2664,0.0004549,1,41.1018,29.3122,0.0009,20000,1588.262592
linear_ds100000_s123_L2_a10.0_032,"{""cpu"": ""arm"", ""ram_gb"": 16.0, ""gpu"": false}",linear,100000,80000,20000,0,6,low,"{'alpha': 10.0, 'copy_X': True, 'fit_intercept': True, 'max_iter': None, 'positive': False, 'random_state': None, 'solver': 'auto', 'tol': 0.0001}",123,"['2011-01-02 00:15:00', '2013-11-08 18:30:00']",0.00251,801.0797,798.9383,0.00045681,1,41.0978,29.3138,0.0002,20000,2402.276722
linear_ds100000_s999_none_na_033,"{""cpu"": ""arm"", ""ram_gb"": 16.0, ""gpu"": false}",linear,100000,80000,20000,0,6,low,"{'copy_X': True, 'fit_intercept': True, 'n_jobs': None, 'positive': False}",999,"['2011-01-02 00:15:00', '2013-11-08 18:30:00']",0.008905,820.3254,813.3033,0.00050735,1,41.1023,29.312,0.0007,20000,1650.515354
linear_ds100000_s999_L2_a0.01_034,"{""cpu"": ""arm"", ""ram_gb"": 16.0, ""gpu"": false}",linear,100000,80000,20000,0,6,low,"{'alpha': 0.01, 'copy_X': True, 'fit_intercept': True, 'max_iter': None, 'positive': False, 'random_state': None, 'solver': 'auto', 'tol': 0.0001}",999,"['2011-01-02 00:15:00', '2013-11-08 18:30:00']",0.002195,816.0485,813.9071,0.00045967,1,41.1023,29.312,0.0045,20000,517.694339
linear_ds100000_s999_L2_a1.0_035,"{""cpu"": ""arm"", ""ram_gb"": 16.0, ""gpu"": false}",linear,100000,80000,20000,0,6,low,"{'alpha': 1.0, 'copy_X': True, 'fit_intercept': True, 'max_iter': None, 'positive': False, 'random_state': None, 'solver': 'auto', 'tol': 0.0001}",999,"['2011-01-02 00:15:00', '2013-11-08 18:30:00']",0.002214,826.0329,823.8914,0.0004549,1,41.1018,29.3122,0.0005,20000,1884.714805
linear_ds100000_s999_L2_a10.0_036,"{""cpu"": ""arm"", ""ram_gb"": 16.0, ""gpu"": false}",linear,100000,80000,20000,0,6,low,"{'alpha': 10.0, 'copy_X': True, 'fit_intercept': True, 'max_iter': None, 'positive': False, 'random_state': None, 'solver': 'auto', 'tol': 0.0001}",999,"['2011-01-02 00:15:00', '2013-11-08 18:30:00']",0.002235,835.1579,833.0164,0.00045681,1,41.0978,29.3138,0.0017,20000,1034.22777
mlp_ds1000_s42_64x32_d0.0_b32_001,"{""cpu"": ""arm"", ""ram_gb"": 16.0, ""gpu"": false}",mlp,1000,720,200,80,6,low,"{'input_dim': 6, 'hidden_layers': [64, 32], 'dropout': 0.0, 'lr': 0.001}",42,"['2011-01-02 00:15:00', '2011-01-12 10:00:00']",0.475545,885.97,885.86,0.01008606,36,119.9222,98.5433,0.0003,200,691.899132
mlp_ds1000_s42_64x32_d0.0_b256_002,"{""cpu"": ""arm"", ""ram_gb"": 16.0, ""gpu"": false}",mlp,1000,720,200,80,6,low,"{'input_dim': 6, 'hidden_layers': [64, 32], 'dropout': 0.0, 'lr': 0.001}",42,"['2011-01-02 00:15:00', '2011-01-12 10:00:00']",0.878446,895.6541,895.538,0.00998211,200,162.1371,129.9159,0.0001,200,609.736404
mlp_ds1000_s42_64x32_d0.3_b32_003,"{""cpu"": ""arm"", ""ram_gb"": 16.0, ""gpu"": false}",mlp,1000,720,200,80,6,low,"{'input_dim': 6, 'hidden_layers': [64, 32], 'dropout': 0.3, 'lr': 0.001}",42,"['2011-01-02 00:15:00', '2011-01-12 10:00:00']",0.429837,903.6926,903.6198,0.01008701,35,113.1564,89.037,0.0001,200,868.582865
mlp_ds1000_s42_64x32_d0.3_b256_004,"{""cpu"": ""arm"", ""ram_gb"": 16.0, ""gpu"": false}",mlp,1000,720,200,80,6,low,"{'input_dim': 6, 'hidden_layers': [64, 32], 'dropout': 0.3, 'lr': 0.001}",42,"['2011-01-02 00:15:00', '2011-01-12 10:00:00']",0.928028,906.5935,906.4842,0.01005745,200,160.9998,125.0509,0.0001,200,603.087137
mlp_ds1000_s42_128x64_d0.0_b32_005,"{""cpu"": ""arm"", ""ram_gb"": 16.0, ""gpu"": false}",mlp,1000,720,200,80,6,medium,"{'input_dim': 6, 'hidden_layers': [128, 64], 'dropout': 0.0, 'lr': 0.001}",42,"['2011-01-02 00:15:00', '2011-01-12 10:00:00']",0.273166,910.4114,910.3385,0.03383446,22,114.2347,92.6297,0.0001,200,827.081921
mlp_ds1000_s42_128x64_d0.0_b256_006,"{""cpu"": ""arm"", ""ram_gb"": 16.0, ""gpu"": false}",mlp,1000,720,200,80,6,medium,"{'input_dim': 6, 'hidden_layers': [128, 64], 'dropout': 0.0, 'lr': 0.001}",42,"['2011-01-02 00:15:00', '2011-01-12 10:00:00']",1.018779,916.3116,916.2027,0.03359985,200,108.5312,84.2689,0.0001,200,884.701349
mlp_ds1000_s42_128x64_d0.3_b32_007,"{""cpu"": ""arm"", ""ram_gb"": 16.0, ""gpu"": false}",mlp,1000,720,200,80,6,medium,"{'input_dim': 6, 'hidden_layers': [128, 64], 'dropout': 0.3, 'lr': 0.001}",42,"['2011-01-02 00:15:00', '2011-01-12 10:00:00']",0.69787,925.1614,925.0885,0.03357315,54,83.9883,62.1549,0.0002,200,1065.564734
mlp_ds1000_s42_128x64_d0.3_b256_008,"{""cpu"": ""arm"", ""ram_gb"": 16.0, ""gpu"": false}",mlp,1000,720,200,80,6,medium,"{'input_dim': 6, 'hidden_layers': [128, 64], 'dropout': 0.3, 'lr': 0.001}",42,"['2011-01-02 00:15:00', '2011-01-12 10:00:00']",1.131126,927.7494,927.6403,0.03373623,200,109.9097,82.5888,0.0001,200,849.073462
mlp_ds1000_s42_256x128x64_d0.0_b32_009,"{""cpu"": ""arm"", ""ram_gb"": 16.0, ""gpu"": false}",mlp,1000,720,200,80,6,high,"{'input_dim': 6, 'hidden_layers': [256, 128, 64], 'dropout': 0.0, 'lr': 0.001}",42,"['2011-01-02 00:15:00', '2011-01-12 10:00:00']",2.047222,724.166,724.0908,0.15419197,126,38.7771,30.0338,0.0002,200,2727.532665
mlp_ds1000_s42_256x128x64_d0.0_b256_010,"{""cpu"": ""arm"", ""ram_gb"": 16.0, ""gpu"": false}",mlp,1000,720,200,80,6,high,"{'input_dim': 6, 'hidden_layers': [256, 128, 64], 'dropout': 0.0, 'lr': 0.001}",42,"['2011-01-02 00:15:00', '2011-01-12 10:00:00']",0.190715,564.1584,564.0479,0.15229416,36,187.5068,159.762,0.0002,200,745.165462
mlp_ds1000_s42_256x128x64_d0.3_b32_011,"{""cpu"": ""arm"", ""ram_gb"": 16.0, ""gpu"": false}",mlp,1000,720,200,80,6,high,"{'input_dim': 6, 'hidden_layers': [256, 128, 64], 'dropout': 0.3, 'lr': 0.001}",42,"['2011-01-02 00:15:00', '2011-01-12 10:00:00']",0.486032,575.3519,575.2775,0.15237617,27,74.9151,58.8844,0.0003,200,1731.593341
mlp_ds1000_s42_256x128x64_d0.3_b256_012,"{""cpu"": ""arm"", ""ram_gb"": 16.0, ""gpu"": false}",mlp,1000,720,200,80,6,high,"{'input_dim': 6, 'hidden_layers': [256, 128, 64], 'dropout': 0.3, 'lr': 0.001}",42,"['2011-01-02 00:15:00', '2011-01-12 10:00:00']",0.255276,580.674,580.5636,0.15141106,35,187.0015,157.4851,0.0002,200,753.441635
mlp_ds1000_s123_64x32_d0.0_b32_013,"{""cpu"": ""arm"", ""ram_gb"": 16.0, ""gpu"": false}",mlp,1000,720,200,80,6,low,"{'input_dim': 6, 'hidden_layers': [64, 32], 'dropout': 0.0, 'lr': 0.001}",123,"['2011-01-02 00:15:00', '2011-01-12 10:00:00']",0.345324,584.6926,584.6198,0.01007271,29,154.3065,118.8756,0.0002,200,888.888132
mlp_ds1000_s123_64x32_d0.0_b256_014,"{""cpu"": ""arm"", ""ram_gb"": 16.0, ""gpu"": false}",mlp,1000,720,200,80,6,low,"{'input_dim': 6, 'hidden_layers': [64, 32], 'dropout': 0.0, 'lr': 0.001}",123,"['2011-01-02 00:15:00', '2011-01-12 10:00:00']",0.904305,591.6554,591.5464,0.0100708,200,170.8536,136.1363,0.0001,200,858.430388
mlp_ds1000_s123_64x32_d0.3_b32_015,"{""cpu"": ""arm"", ""ram_gb"": 16.0, ""gpu"": false}",mlp,1000,720,200,80,6,low,"{'input_dim': 6, 'hidden_layers': [64, 32], 'dropout': 0.3, 'lr': 0.001}",123,"['2011-01-02 00:15:00', '2011-01-12 10:00:00']",0.412821,598.5833,598.5104,0.01000881,32,110.4081,86.8114,0.0001,200,1315.389984
mlp_ds1000_s123_64x32_d0.3_b256_016,"{""cpu"": ""arm"", ""ram_gb"": 16.0, ""gpu"": false}",mlp,1000,720,200,80,6,low,"{'input_dim': 6, 'hidden_layers': [64, 32], 'dropout': 0.3, 'lr': 0.001}",123,"['2011-01-02 00:15:00', '2011-01-12 10:00:00']",0.777845,605.3429,605.2339,0.01003647,169,190.9127,150.2893,0.0001,200,748.931256
mlp_ds1000_s123_128x64_d0.0_b32_017,"{""cpu"": ""arm"", ""ram_gb"": 16.0, ""gpu"": false}",mlp,1000,720,200,80,6,medium,"{'input_dim': 6, 'hidden_layers': [128, 64], 'dropout': 0.0, 'lr': 0.001}",123,"['2011-01-02 00:15:00', '2011-01-12 10:00:00']",0.296245,609.8333,609.7604,0.03387928,24,114.5849,94.5506,0.0001,200,1210.239887
mlp_ds1000_s123_128x64_d0.0_b256_018,"{""cpu"": ""arm"", ""ram_gb"": 16.0, ""gpu"": false}",mlp,1000,720,200,80,6,medium,"{'input_dim': 6, 'hidden_layers': [128, 64], 'dropout': 0.0, 'lr': 0.001}",123,"['2011-01-02 00:15:00', '2011-01-12 10:00:00']",0.52518,616.8273,616.7183,0.03375912,108,182.9135,150.4464,0.0001,200,755.043363
mlp_ds1000_s123_128x64_d0.3_b32_019,"{""cpu"": ""arm"", ""ram_gb"": 16.0, ""gpu"": false}",mlp,1000,720,200,80,6,medium,"{'input_dim': 6, 'hidden_layers': [128, 64], 'dropout': 0.3, 'lr': 0.001}",123,"['2011-01-02 00:15:00', '2011-01-12 10:00:00']",0.435378,623.7551,623.6823,0.03389549,26,110.7625,89.2029,0.0001,200,1209.911325
mlp_ds1000_s123_128x64_d0.3_b256_020,"{""cpu"": ""arm"", ""ram_gb"": 16.0, ""gpu"": false}",mlp,1000,720,200,80,6,medium,"{'input_dim': 6, 'hidden_layers': [128, 64], 'dropout': 0.3, 'lr': 0.001}",123,"['2011-01-02 00:15:00', '2011-01-12 10:00:00']",0.612499,617.8585,617.7496,0.0335207,104,171.1663,139.09,0.0001,200,801.315213
mlp_ds1000_s123_256x128x64_d0.0_b32_021,"{""cpu"": ""arm"", ""ram_gb"": 16.0, ""gpu"": false}",mlp,1000,720,200,80,6,high,"{'input_dim': 6, 'hidden_layers': [256, 128, 64], 'dropout': 0.0, 'lr': 0.001}",123,"['2011-01-02 00:15:00', '2011-01-12 10:00:00']",2.425106,618.3362,618.2619,0.15456581,152,37.124,28.442,0.0003,200,3275.548015
mlp_ds1000_s123_256x128x64_d0.0_b256_022,"{""cpu"": ""arm"", ""ram_gb"": 16.0, ""gpu"": false}",mlp,1000,720,200,80,6,high,"{'input_dim': 6, 'hidden_layers': [256, 128, 64], 'dropout': 0.0, 'lr': 0.001}",123,"['2011-01-02 00:15:00', '2011-01-12 10:00:00']",0.195828,598.5021,598.3917,0.15267563,36,175.7298,148.3021,0.0002,200,750.371327
mlp_ds1000_s123_256x128x64_d0.3_b32_023,"{""cpu"": ""arm"", ""ram_gb"": 16.0, ""gpu"": false}",mlp,1000,720,200,80,6,high,"{'input_dim': 6, 'hidden_layers': [256, 128, 64], 'dropout': 0.3, 'lr': 0.001}",123,"['2011-01-02 00:15:00', '2011-01-12 10:00:00']",0.926583,605.8831,605.8087,0.15282631,47,73.7323,60.0781,0.0002,200,1770.07223
mlp_ds1000_s123_256x128x64_d0.3_b256_024,"{""cpu"": ""arm"", ""ram_gb"": 16.0, ""gpu"": false}",mlp,1000,720,200,80,6,high,"{'input_dim': 6, 'hidden_layers': [256, 128, 64], 'dropout': 0.3, 'lr': 0.001}",123,"['2011-01-02 00:15:00', '2011-01-12 10:00:00']",0.219177,391.549,391.4386,0.15188885,35,188.7513,159.5163,0.0001,200,1076.696101
mlp_ds1000_s999_64x32_d0.0_b32_025,"{""cpu"": ""arm"", ""ram_gb"": 16.0, ""gpu"": false}",mlp,1000,720,200,80,6,low,"{'input_dim': 6, 'hidden_layers': [64, 32], 'dropout': 0.0, 'lr': 0.001}",999,"['2011-01-02 00:15:00', '2011-01-12 10:00:00']",0.428629,406.8801,406.8073,0.01006222,35,116.1175,90.5911,0.0001,200,1769.462872
mlp_ds1000_s999_64x32_d0.0_b256_026,"{""cpu"": ""arm"", ""ram_gb"": 16.0, ""gpu"": false}",mlp,1000,720,200,80,6,low,"{'input_dim': 6, 'hidden_layers': [64, 32], 'dropout': 0.0, 'lr': 0.001}",999,"['2011-01-02 00:15:00', '2011-01-12 10:00:00']",0.864803,420.9991,420.8902,0.01004219,200,164.7487,133.5474,0.0001,200,1212.245406
mlp_ds1000_s999_64x32_d0.3_b32_027,"{""cpu"": ""arm"", ""ram_gb"": 16.0, ""gpu"": false}",mlp,1000,720,200,80,6,low,"{'input_dim': 6, 'hidden_layers': [64, 32], 'dropout': 0.3, 'lr': 0.001}",999,"['2011-01-02 00:15:00', '2011-01-12 10:00:00']",1.269623,435.0676,434.9948,0.01004696,102,73.9362,57.9628,0.0001,200,2613.28873
mlp_ds1000_s999_64x32_d0.3_b256_028,"{""cpu"": ""arm"", ""ram_gb"": 16.0, ""gpu"": false}",mlp,1000,720,200,80,6,low,"{'input_dim': 6, 'hidden_layers': [64, 32], 'dropout': 0.3, 'lr': 0.001}",999,"['2011-01-02 00:15:00', '2011-01-12 10:00:00']",0.953476,449.546,449.4371,0.01004028,200,164.8954,129.0626,0.0001,200,1141.86951
mlp_ds1000_s999_128x64_d0.0_b32_029,"{""cpu"": ""arm"", ""ram_gb"": 16.0, ""gpu"": false}",mlp,1000,720,200,80,6,medium,"{'input_dim': 6, 'hidden_layers': [128, 64], 'dropout': 0.0, 'lr': 0.001}",999,"['2011-01-02 00:15:00', '2011-01-12 10:00:00']",0.288454,455.6145,455.5416,0.03419781,23,121.8904,100.9881,0.0001,200,1478.531336
mlp_ds1000_s999_128x64_d0.0_b256_030,"{""cpu"": ""arm"", ""ram_gb"": 16.0, ""gpu"": false}",mlp,1000,720,200,80,6,medium,"{'input_dim': 6, 'hidden_layers': [128, 64], 'dropout': 0.0, 'lr': 0.001}",999,"['2011-01-02 00:15:00', '2011-01-12 10:00:00']",1.016802,468.4679,468.3589,0.03355598,200,109.6826,88.5623,0.0001,200,1621.418911
mlp_ds1000_s999_128x64_d0.3_b32_031,"{""cpu"": ""arm"", ""ram_gb"": 16.0, ""gpu"": false}",mlp,1000,720,200,80,6,medium,"{'input_dim': 6, 'hidden_layers': [128, 64], 'dropout': 0.3, 'lr': 0.001}",999,"['2011-01-02 00:15:00', '2011-01-12 10:00:00']",0.338427,479.7708,479.6979,0.03343105,23,112.6961,92.8271,0.0002,200,1445.263793
mlp_ds1000_s999_128x64_d0.3_b256_032,"{""cpu"": ""arm"", ""ram_gb"": 16.0, ""gpu"": false}",mlp,1000,720,200,80,6,medium,"{'input_dim': 6, 'hidden_layers': [128, 64], 'dropout': 0.3, 'lr': 0.001}",999,"['2011-01-02 00:15:00', '2011-01-12 10:00:00']",0.68707,443.5304,443.4214,0.03363609,128,148.8781,123.8859,0.0001,200,1245.909208
mlp_ds1000_s999_256x128x64_d0.0_b32_033,"{""cpu"": ""arm"", ""ram_gb"": 16.0, ""gpu"": false}",mlp,1000,720,200,80,6,high,"{'input_dim': 6, 'hidden_layers': [256, 128, 64], 'dropout': 0.0, 'lr': 0.001}",999,"['2011-01-02 00:15:00', '2011-01-12 10:00:00']",0.200508,449.4925,449.4181,0.15289783,12,102.6554,82.2103,0.0002,200,1634.199991
mlp_ds1000_s999_256x128x64_d0.0_b256_034,"{""cpu"": ""arm"", ""ram_gb"": 16.0, ""gpu"": false}",mlp,1000,720,200,80,6,high,"{'input_dim': 6, 'hidden_layers': [256, 128, 64], 'dropout': 0.0, 'lr': 0.001}",999,"['2011-01-02 00:15:00', '2011-01-12 10:00:00']",0.182396,466.2209,466.1104,0.15196514,35,191.009,160.0761,0.0002,200,861.169498
mlp_ds1000_s999_256x128x64_d0.3_b32_035,"{""cpu"": ""arm"", ""ram_gb"": 16.0, ""gpu"": false}",mlp,1000,720,200,80,6,high,"{'input_dim': 6, 'hidden_layers': [256, 128, 64], 'dropout': 0.3, 'lr': 0.001}",999,"['2011-01-02 00:15:00', '2011-01-12 10:00:00']",0.41738,484.0394,483.965,0.15291786,24,71.2221,55.1485,0.0002,200,2237.097243
mlp_ds1000_s999_256x128x64_d0.3_b256_036,"{""cpu"": ""arm"", ""ram_gb"": 16.0, ""gpu"": false}",mlp,1000,720,200,80,6,high,"{'input_dim': 6, 'hidden_layers': [256, 128, 64], 'dropout': 0.3, 'lr': 0.001}",999,"['2011-01-02 00:15:00', '2011-01-12 10:00:00']",0.222472,497.0334,496.9229,0.15141296,35,185.1723,155.9681,0.0001,200,887.08095
mlp_ds10000_s42_64x32_d0.0_b32_037,"{""cpu"": ""arm"", ""ram_gb"": 16.0, ""gpu"": false}",mlp,10000,7200,2000,800,6,low,"{'input_dim': 6, 'hidden_layers': [64, 32], 'dropout': 0.0, 'lr': 0.001}",42,"['2011-01-02 00:15:00', '2011-04-16 04:00:00']",23.171704,511.0514,510.9788,0.01016998,200,41.6566,30.8188,0.0004,2000,3200.128714
mlp_ds10000_s42_64x32_d0.0_b256_038,"{""cpu"": ""arm"", ""ram_gb"": 16.0, ""gpu"": false}",mlp,10000,7200,2000,800,6,low,"{'input_dim': 6, 'hidden_layers': [64, 32], 'dropout': 0.0, 'lr': 0.001}",42,"['2011-01-02 00:15:00', '2011-04-16 04:00:00']",8.727426,381.3913,381.2816,0.01013565,200,46.9115,34.012,0.0003,2000,3926.351736
mlp_ds10000_s42_64x32_d0.3_b32_039,"{""cpu"": ""arm"", ""ram_gb"": 16.0, ""gpu"": false}",mlp,10000,7200,2000,800,6,low,"{'input_dim': 6, 'hidden_layers': [64, 32], 'dropout': 0.3, 'lr': 0.001}",42,"['2011-01-02 00:15:00', '2011-04-16 04:00:00']",4.730485,323.6607,323.5882,0.01013374,38,53.4881,39.1296,0.0003,2000,3874.725319
mlp_ds10000_s42_64x32_d0.3_b256_040,"{""cpu"": ""arm"", ""ram_gb"": 16.0, ""gpu"": false}",mlp,10000,7200,2000,800,6,low,"{'input_dim': 6, 'hidden_layers': [64, 32], 'dropout': 0.3, 'lr': 0.001}",42,"['2011-01-02 00:15:00', '2011-04-16 04:00:00']",6.533512,340.0466,339.9374,0.01005554,141,56.8008,41.448,0.0003,2000,3503.53526
mlp_ds10000_s42_128x64_d0.0_b32_041,"{""cpu"": ""arm"", ""ram_gb"": 16.0, ""gpu"": false}",mlp,10000,7200,2000,800,6,medium,"{'input_dim': 6, 'hidden_layers': [128, 64], 'dropout': 0.0, 'lr': 0.001}",42,"['2011-01-02 00:15:00', '2011-04-16 04:00:00']",6.819711,345.8795,345.8069,0.03408146,56,45.2457,33.7744,0.0018,2000,2041.440935
mlp_ds10000_s42_128x64_d0.0_b256_042,"{""cpu"": ""arm"", ""ram_gb"": 16.0, ""gpu"": false}",mlp,10000,7200,2000,800,6,medium,"{'input_dim': 6, 'hidden_layers': [128, 64], 'dropout': 0.0, 'lr': 0.001}",42,"['2011-01-02 00:15:00', '2011-04-16 04:00:00']",8.661862,365.0163,364.9066,0.03409386,200,43.7988,32.0351,0.0004,2000,3960.820131
mlp_ds10000_s42_128x64_d0.3_b32_043,"{""cpu"": ""arm"", ""ram_gb"": 16.0, ""gpu"": false}",mlp,10000,7200,2000,800,6,medium,"{'input_dim': 6, 'hidden_layers': [128, 64], 'dropout': 0.3, 'lr': 0.001}",42,"['2011-01-02 00:15:00', '2011-04-16 04:00:00']",6.306716,363.8795,363.8069,0.03372574,48,45.9149,32.8277,0.0018,2000,1923.630963
mlp_ds10000_s42_128x64_d0.3_b256_044,"{""cpu"": ""arm"", ""ram_gb"": 16.0, ""gpu"": false}",mlp,10000,7200,2000,800,6,medium,"{'input_dim': 6, 'hidden_layers': [128, 64], 'dropout': 0.3, 'lr': 0.001}",42,"['2011-01-02 00:15:00', '2011-04-16 04:00:00']",6.324822,339.7347,339.6252,0.03384018,133,51.9921,37.6036,0.0004,2000,3634.919618
mlp_ds10000_s42_256x128x64_d0.0_b32_045,"{""cpu"": ""arm"", ""ram_gb"": 16.0, ""gpu"": false}",mlp,10000,7200,2000,800,6,high,"{'input_dim': 6, 'hidden_layers': [256, 128, 64], 'dropout': 0.0, 'lr': 0.001}",42,"['2011-01-02 00:15:00', '2011-04-16 04:00:00']",2.502365,357.4918,357.4178,0.15437126,17,47.7676,36.2506,0.0017,2000,1929.298039
mlp_ds10000_s42_256x128x64_d0.0_b256_046,"{""cpu"": ""arm"", ""ram_gb"": 16.0, ""gpu"": false}",mlp,10000,7200,2000,800,6,high,"{'input_dim': 6, 'hidden_layers': [256, 128, 64], 'dropout': 0.0, 'lr': 0.001}",42,"['2011-01-02 00:15:00', '2011-04-16 04:00:00']",9.936548,379.8156,379.7047,0.15436268,200,40.8868,29.6016,0.0009,2000,3068.194668
mlp_ds10000_s42_256x128x64_d0.3_b32_047,"{""cpu"": ""arm"", ""ram_gb"": 16.0, ""gpu"": false}",mlp,10000,7200,2000,800,6,high,"{'input_dim': 6, 'hidden_layers': [256, 128, 64], 'dropout': 0.3, 'lr': 0.001}",42,"['2011-01-02 00:15:00', '2011-04-16 04:00:00']",6.530777,401.0075,400.9334,0.15312862,38,45.0816,33.4177,0.0011,2000,2388.575231
mlp_ds10000_s42_256x128x64_d0.3_b256_048,"{""cpu"": ""arm"", ""ram_gb"": 16.0, ""gpu"": false}",mlp,10000,7200,2000,800,6,high,"{'input_dim': 6, 'hidden_layers': [256, 128, 64], 'dropout': 0.3, 'lr': 0.001}",42,"['2011-01-02 00:15:00', '2011-04-16 04:00:00']",4.757145,416.5803,416.4698,0.15297508,79,51.4114,38.7045,0.0008,2000,2322.884512
mlp_ds10000_s123_64x32_d0.0_b32_049,"{""cpu"": ""arm"", ""ram_gb"": 16.0, ""gpu"": false}",mlp,10000,7200,2000,800,6,low,"{'input_dim': 6, 'hidden_layers': [64, 32], 'dropout': 0.0, 'lr': 0.001}",123,"['2011-01-02 00:15:00', '2011-04-16 04:00:00']",23.194808,435.2233,435.1507,0.01015091,200,39.6724,28.8925,0.0003,2000,3969.19879
mlp_ds10000_s123_64x32_d0.0_b256_050,"{""cpu"": ""arm"", ""ram_gb"": 16.0, ""gpu"": false}",mlp,10000,7200,2000,800,6,low,"{'input_dim': 6, 'hidden_layers': [64, 32], 'dropout': 0.0, 'lr': 0.001}",123,"['2011-01-02 00:15:00', '2011-04-16 04:00:00']",8.564681,387.4851,387.3754,0.01010036,200,45.3677,33.1816,0.0003,2000,4000.597732
mlp_ds10000_s123_64x32_d0.3_b32_051,"{""cpu"": ""arm"", ""ram_gb"": 16.0, ""gpu"": false}",mlp,10000,7200,2000,800,6,low,"{'input_dim': 6, 'hidden_layers': [64, 32], 'dropout': 0.3, 'lr': 0.001}",123,"['2011-01-02 00:15:00', '2011-04-16 04:00:00']",5.005812,389.3951,389.3226,0.01008129,42,50.6834,35.9716,0.0002,2000,3751.890442
mlp_ds10000_s123_64x32_d0.3_b256_052,"{""cpu"": ""arm"", ""ram_gb"": 16.0, ""gpu"": false}",mlp,10000,7200,2000,800,6,low,"{'input_dim': 6, 'hidden_layers': [64, 32], 'dropout': 0.3, 'lr': 0.001}",123,"['2011-01-02 00:15:00', '2011-04-16 04:00:00']",6.882973,391.5783,391.4688,0.01002789,148,56.0236,40.1456,0.0003,2000,3170.921225
mlp_ds10000_s123_128x64_d0.0_b32_053,"{""cpu"": ""arm"", ""ram_gb"": 16.0, ""gpu"": false}",mlp,10000,7200,2000,800,6,medium,"{'input_dim': 6, 'hidden_layers': [128, 64], 'dropout': 0.0, 'lr': 0.001}",123,"['2011-01-02 00:15:00', '2011-04-16 04:00:00']",8.116023,353.5045,353.4319,0.03419971,69,43.9741,32.6256,0.0005,2000,3931.024902
mlp_ds10000_s123_128x64_d0.0_b256_054,"{""cpu"": ""arm"", ""ram_gb"": 16.0, ""gpu"": false}",mlp,10000,7200,2000,800,6,medium,"{'input_dim': 6, 'hidden_layers': [128, 64], 'dropout': 0.0, 'lr': 0.001}",123,"['2011-01-02 00:15:00', '2011-04-16 04:00:00']",8.784528,371.8132,371.7035,0.03407288,200,43.1368,31.3558,0.0004,2000,4017.090519
mlp_ds10000_s123_128x64_d0.3_b32_055,"{""cpu"": ""arm"", ""ram_gb"": 16.0, ""gpu"": false}",mlp,10000,7200,2000,800,6,medium,"{'input_dim': 6, 'hidden_layers': [128, 64], 'dropout': 0.3, 'lr': 0.001}",123,"['2011-01-02 00:15:00', '2011-04-16 04:00:00']",4.917827,391.9264,391.8538,0.03377247,39,48.0017,33.9902,0.0004,2000,3411.755853
mlp_ds10000_s123_128x64_d0.3_b256_056,"{""cpu"": ""arm"", ""ram_gb"": 16.0, ""gpu"": false}",mlp,10000,7200,2000,800,6,medium,"{'input_dim': 6, 'hidden_layers': [128, 64], 'dropout': 0.3, 'lr': 0.001}",123,"['2011-01-02 00:15:00', '2011-04-16 04:00:00']",6.649854,409.0783,408.9688,0.03380775,135,52.9297,38.1287,0.0004,2000,3048.345199
mlp_ds10000_s123_256x128x64_d0.0_b32_057,"{""cpu"": ""arm"", ""ram_gb"": 16.0, ""gpu"": false}",mlp,10000,7200,2000,800,6,high,"{'input_dim': 6, 'hidden_layers': [256, 128, 64], 'dropout': 0.0, 'lr': 0.001}",123,"['2011-01-02 00:15:00', '2011-04-16 04:00:00']",3.758167,412.195,412.1209,0.15453529,24,59.153,46.6295,0.001,2000,1872.604004
mlp_ds10000_s123_256x128x64_d0.0_b256_058,"{""cpu"": ""arm"", ""ram_gb"": 16.0, ""gpu"": false}",mlp,10000,7200,2000,800,6,high,"{'input_dim': 6, 'hidden_layers': [256, 128, 64], 'dropout': 0.0, 'lr': 0.001}",123,"['2011-01-02 00:15:00', '2011-04-16 04:00:00']",10.186229,411.1912,411.08,0.15423203,200,40.3504,29.2978,0.0008,2000,3017.293979
mlp_ds10000_s123_256x128x64_d0.3_b32_059,"{""cpu"": ""arm"", ""ram_gb"": 16.0, ""gpu"": false}",mlp,10000,7200,2000,800,6,high,"{'input_dim': 6, 'hidden_layers': [256, 128, 64], 'dropout': 0.3, 'lr': 0.001}",123,"['2011-01-02 00:15:00', '2011-04-16 04:00:00']",4.976011,425.0231,424.949,0.15341282,30,92.5105,81.5918,0.0009,2000,1219.488634
mlp_ds10000_s123_256x128x64_d0.3_b256_060,"{""cpu"": ""arm"", ""ram_gb"": 16.0, ""gpu"": false}",mlp,10000,7200,2000,800,6,high,"{'input_dim': 6, 'hidden_layers': [256, 128, 64], 'dropout': 0.3, 'lr': 0.001}",123,"['2011-01-02 00:15:00', '2011-04-16 04:00:00']",4.415104,442.7838,442.6731,0.15282249,72,49.1959,36.2507,0.0008,2000,2282.697058
mlp_ds10000_s999_64x32_d0.0_b32_061,"{""cpu"": ""arm"", ""ram_gb"": 16.0, ""gpu"": false}",mlp,10000,7200,2000,800,6,low,"{'input_dim': 6, 'hidden_layers': [64, 32], 'dropout': 0.0, 'lr': 0.001}",999,"['2011-01-02 00:15:00', '2011-04-16 04:00:00']",15.157456,457.9264,457.8538,0.01019001,127,42.6578,31.6677,0.0003,2000,3694.830754
mlp_ds10000_s999_64x32_d0.0_b256_062,"{""cpu"": ""arm"", ""ram_gb"": 16.0, ""gpu"": false}",mlp,10000,7200,2000,800,6,low,"{'input_dim': 6, 'hidden_layers': [64, 32], 'dropout': 0.0, 'lr': 0.001}",999,"['2011-01-02 00:15:00', '2011-04-16 04:00:00']",8.614302,441.532,441.4222,0.01016045,200,47.1445,34.955,0.0003,2000,3487.013304
mlp_ds10000_s999_64x32_d0.3_b32_063,"{""cpu"": ""arm"", ""ram_gb"": 16.0, ""gpu"": false}",mlp,10000,7200,2000,800,6,low,"{'input_dim': 6, 'hidden_layers': [64, 32], 'dropout': 0.3, 'lr': 0.001}",999,"['2011-01-02 00:15:00', '2011-04-16 04:00:00']",3.969006,444.3014,444.2288,0.01014328,33,55.6274,40.6803,0.0002,2000,3044.389017
mlp_ds10000_s999_64x32_d0.3_b256_064,"{""cpu"": ""arm"", ""ram_gb"": 16.0, ""gpu"": false}",mlp,10000,7200,2000,800,6,low,"{'input_dim': 6, 'hidden_layers': [64, 32], 'dropout': 0.3, 'lr': 0.001}",999,"['2011-01-02 00:15:00', '2011-04-16 04:00:00']",5.96646,457.8597,457.7502,0.01009369,131,61.6141,45.3173,0.0003,2000,2595.260448
mlp_ds10000_s999_128x64_d0.0_b32_065,"{""cpu"": ""arm"", ""ram_gb"": 16.0, ""gpu"": false}",mlp,10000,7200,2000,800,6,medium,"{'input_dim': 6, 'hidden_layers': [128, 64], 'dropout': 0.0, 'lr': 0.001}",999,"['2011-01-02 00:15:00', '2011-04-16 04:00:00']",6.42986,414.7389,414.6663,0.03413963,54,43.2629,31.6421,0.0004,2000,3656.980596
mlp_ds10000_s999_128x64_d0.0_b256_066,"{""cpu"": ""arm"", ""ram_gb"": 16.0, ""gpu"": false}",mlp,10000,7200,2000,800,6,medium,"{'input_dim': 6, 'hidden_layers': [128, 64], 'dropout': 0.0, 'lr': 0.001}",999,"['2011-01-02 00:15:00', '2011-04-16 04:00:00']",8.7659,431.3288,431.2191,0.03418827,200,44.4771,32.8417,0.0004,2000,3418.4163
mlp_ds10000_s999_128x64_d0.3_b32_067,"{""cpu"": ""arm"", ""ram_gb"": 16.0, ""gpu"": false}",mlp,10000,7200,2000,800,6,medium,"{'input_dim': 6, 'hidden_layers': [128, 64], 'dropout': 0.3, 'lr': 0.001}",999,"['2011-01-02 00:15:00', '2011-04-16 04:00:00']",4.203038,415.6607,415.5882,0.03373528,32,48.0006,34.443,0.0004,2000,3172.975573
mlp_ds10000_s999_128x64_d0.3_b256_068,"{""cpu"": ""arm"", ""ram_gb"": 16.0, ""gpu"": false}",mlp,10000,7200,2000,800,6,medium,"{'input_dim': 6, 'hidden_layers': [128, 64], 'dropout': 0.3, 'lr': 0.001}",999,"['2011-01-02 00:15:00', '2011-04-16 04:00:00']",7.138939,404.1728,404.0629,0.03349686,145,49.6271,35.4717,0.0004,2000,3349.358373
mlp_ds10000_s999_256x128x64_d0.0_b32_069,"{""cpu"": ""arm"", ""ram_gb"": 16.0, ""gpu"": false}",mlp,10000,7200,2000,800,6,high,"{'input_dim': 6, 'hidden_layers': [256, 128, 64], 'dropout': 0.0, 'lr': 0.001}",999,"['2011-01-02 00:15:00', '2011-04-16 04:00:00']",3.441661,403.8981,403.824,0.15427113,23,58.8029,46.2374,0.0009,2000,2036.636035
mlp_ds10000_s999_256x128x64_d0.0_b256_070,"{""cpu"": ""arm"", ""ram_gb"": 16.0, ""gpu"": false}",mlp,10000,7200,2000,800,6,high,"{'input_dim': 6, 'hidden_layers': [256, 128, 64], 'dropout': 0.0, 'lr': 0.001}",999,"['2011-01-02 00:15:00', '2011-04-16 04:00:00']",10.156092,423.9568,423.8456,0.15443897,200,40.5399,29.3814,0.0008,2000,2948.394426
mlp_ds10000_s999_256x128x64_d0.3_b32_071,"{""cpu"": ""arm"", ""ram_gb"": 16.0, ""gpu"": false}",mlp,10000,7200,2000,800,6,high,"{'input_dim': 6, 'hidden_layers': [256, 128, 64], 'dropout': 0.3, 'lr': 0.001}",999,"['2011-01-02 00:15:00', '2011-04-16 04:00:00']",4.38781,442.1325,442.0584,0.15334797,26,55.3813,43.4909,0.0009,2000,1953.953704
mlp_ds10000_s999_256x128x64_d0.3_b256_072,"{""cpu"": ""arm"", ""ram_gb"": 16.0, ""gpu"": false}",mlp,10000,7200,2000,800,6,high,"{'input_dim': 6, 'hidden_layers': [256, 128, 64], 'dropout': 0.3, 'lr': 0.001}",999,"['2011-01-02 00:15:00', '2011-04-16 04:00:00']",4.078556,447.44,447.3294,0.15324497,66,48.0049,35.4078,0.0009,2000,2308.537742
mlp_ds100000_s42_64x32_d0.0_b32_073,"{""cpu"": ""arm"", ""ram_gb"": 16.0, ""gpu"": false}",mlp,100000,72000,20000,8000,6,low,"{'input_dim': 6, 'hidden_layers': [64, 32], 'dropout': 0.0, 'lr': 0.001}",42,"['2011-01-02 00:15:00', '2013-11-08 18:30:00']",230.346465,483.4262,483.3537,0.01021385,200,37.803,27.7867,0.0045,20000,922.188501
mlp_ds100000_s42_64x32_d0.0_b256_074,"{""cpu"": ""arm"", ""ram_gb"": 16.0, ""gpu"": false}",mlp,100000,72000,20000,8000,6,low,"{'input_dim': 6, 'hidden_layers': [64, 32], 'dropout': 0.0, 'lr': 0.001}",42,"['2011-01-02 00:15:00', '2013-11-08 18:30:00']",79.51407,355.3432,355.2341,0.01013279,187,38.6074,28.3913,0.0021,20000,2112.036265
mlp_ds100000_s42_64x32_d0.3_b32_075,"{""cpu"": ""arm"", ""ram_gb"": 16.0, ""gpu"": false}",mlp,100000,72000,20000,8000,6,low,"{'input_dim': 6, 'hidden_layers': [64, 32], 'dropout': 0.3, 'lr': 0.001}",42,"['2011-01-02 00:15:00', '2013-11-08 18:30:00']",26.373515,371.77,371.6975,0.01002312,21,44.2513,31.9314,0.0021,20000,1784.45978
mlp_ds100000_s42_64x32_d0.3_b256_076,"{""cpu"": ""arm"", ""ram_gb"": 16.0, ""gpu"": false}",mlp,100000,72000,20000,8000,6,low,"{'input_dim': 6, 'hidden_layers': [64, 32], 'dropout': 0.3, 'lr': 0.001}",42,"['2011-01-02 00:15:00', '2013-11-08 18:30:00']",14.603986,389.2484,389.1398,0.01010036,32,47.4076,34.9705,0.0035,20000,1079.445533
mlp_ds100000_s42_128x64_d0.0_b32_077,"{""cpu"": ""arm"", ""ram_gb"": 16.0, ""gpu"": false}",mlp,100000,72000,20000,8000,6,medium,"{'input_dim': 6, 'hidden_layers': [128, 64], 'dropout': 0.0, 'lr': 0.001}",42,"['2011-01-02 00:15:00', '2013-11-08 18:30:00']",243.004523,403.5674,403.4946,0.03453064,200,41.1922,30.7691,0.01,20000,497.705586
mlp_ds100000_s42_128x64_d0.0_b256_078,"{""cpu"": ""arm"", ""ram_gb"": 16.0, ""gpu"": false}",mlp,100000,72000,20000,8000,6,medium,"{'input_dim': 6, 'hidden_layers': [128, 64], 'dropout': 0.0, 'lr': 0.001}",42,"['2011-01-02 00:15:00', '2013-11-08 18:30:00']",87.862153,372.7182,372.6091,0.0342989,200,40.3203,30.1164,0.0055,20000,921.940615
mlp_ds100000_s42_128x64_d0.3_b32_079,"{""cpu"": ""arm"", ""ram_gb"": 16.0, ""gpu"": false}",mlp,100000,72000,20000,8000,6,medium,"{'input_dim': 6, 'hidden_layers': [128, 64], 'dropout': 0.3, 'lr': 0.001}",42,"['2011-01-02 00:15:00', '2013-11-08 18:30:00']",20.704687,425.7387,425.6662,0.03367805,16,41.1511,29.5662,0.0042,20000,1000.465127
mlp_ds100000_s42_128x64_d0.3_b256_080,"{""cpu"": ""arm"", ""ram_gb"": 16.0, ""gpu"": false}",mlp,100000,72000,20000,8000,6,medium,"{'input_dim': 6, 'hidden_layers': [128, 64], 'dropout': 0.3, 'lr': 0.001}",42,"['2011-01-02 00:15:00', '2013-11-08 18:30:00']",16.027986,421.9352,421.827,0.03337765,32,41.9502,30.1304,0.0042,20000,994.203965
mlp_ds100000_s42_256x128x64_d0.0_b32_081,"{""cpu"": ""arm"", ""ram_gb"": 16.0, ""gpu"": false}",mlp,100000,72000,20000,8000,6,high,"{'input_dim': 6, 'hidden_layers': [256, 128, 64], 'dropout': 0.0, 'lr': 0.001}",42,"['2011-01-02 00:15:00', '2013-11-08 18:30:00']",9.014439,405.4116,405.3386,0.15466785,6,49.4481,39.0694,0.0144,20000,294.138558
mlp_ds100000_s42_256x128x64_d0.0_b256_082,"{""cpu"": ""arm"", ""ram_gb"": 16.0, ""gpu"": false}",mlp,100000,72000,20000,8000,6,high,"{'input_dim': 6, 'hidden_layers': [256, 128, 64], 'dropout': 0.0, 'lr': 0.001}",42,"['2011-01-02 00:15:00', '2013-11-08 18:30:00']",100.226957,497.1594,497.0485,0.15466785,200,37.673,27.8425,0.015,20000,310.285492
mlp_ds100000_s42_256x128x64_d0.3_b32_083,"{""cpu"": ""arm"", ""ram_gb"": 16.0, ""gpu"": false}",mlp,100000,72000,20000,8000,6,high,"{'input_dim': 6, 'hidden_layers': [256, 128, 64], 'dropout': 0.3, 'lr': 0.001}",42,"['2011-01-02 00:15:00', '2013-11-08 18:30:00']",20.801506,504.1798,504.1055,0.15407085,12,43.733,32.8567,0.0164,20000,242.56363
mlp_ds100000_s42_256x128x64_d0.3_b256_084,"{""cpu"": ""arm"", ""ram_gb"": 16.0, ""gpu"": false}",mlp,100000,72000,20000,8000,6,high,"{'input_dim': 6, 'hidden_layers': [256, 128, 64], 'dropout': 0.3, 'lr': 0.001}",42,"['2011-01-02 00:15:00', '2013-11-08 18:30:00']",10.480945,470.44,470.3294,0.15297127,17,48.0608,37.0957,0.0151,20000,253.189243
mlp_ds100000_s123_64x32_d0.0_b32_085,"{""cpu"": ""arm"", ""ram_gb"": 16.0, ""gpu"": false}",mlp,100000,72000,20000,8000,6,low,"{'input_dim': 6, 'hidden_layers': [64, 32], 'dropout': 0.0, 'lr': 0.001}",123,"['2011-01-02 00:15:00', '2013-11-08 18:30:00']",237.549441,503.4893,503.4165,0.010252,200,40.0068,29.8554,0.0039,20000,933.530969
mlp_ds100000_s123_64x32_d0.0_b256_086,"{""cpu"": ""arm"", ""ram_gb"": 16.0, ""gpu"": false}",mlp,100000,72000,20000,8000,6,low,"{'input_dim': 6, 'hidden_layers': [64, 32], 'dropout': 0.0, 'lr': 0.001}",123,"['2011-01-02 00:15:00', '2013-11-08 18:30:00']",85.602233,355.2494,355.1403,0.01015568,200,39.1503,29.0326,0.0032,20000,1543.195606
mlp_ds100000_s123_64x32_d0.3_b32_087,"{""cpu"": ""arm"", ""ram_gb"": 16.0, ""gpu"": false}",mlp,100000,72000,20000,8000,6,low,"{'input_dim': 6, 'hidden_layers': [64, 32], 'dropout': 0.3, 'lr': 0.001}",123,"['2011-01-02 00:15:00', '2013-11-08 18:30:00']",13.385208,347.3317,347.2596,0.01014996,11,46.8752,34.5215,0.0018,20000,1931.460559
mlp_ds100000_s123_64x32_d0.3_b256_088,"{""cpu"": ""arm"", ""ram_gb"": 16.0, ""gpu"": false}",mlp,100000,72000,20000,8000,6,low,"{'input_dim': 6, 'hidden_layers': [64, 32], 'dropout': 0.3, 'lr': 0.001}",123,"['2011-01-02 00:15:00', '2013-11-08 18:30:00']",14.969896,386.6077,386.4992,0.01010609,32,47.1617,34.8231,0.0022,20000,1530.136613
mlp_ds100000_s123_128x64_d0.0_b32_089,"{""cpu"": ""arm"", ""ram_gb"": 16.0, ""gpu"": false}",mlp,100000,72000,20000,8000,6,medium,"{'input_dim': 6, 'hidden_layers': [128, 64], 'dropout': 0.0, 'lr': 0.001}",123,"['2011-01-02 00:15:00', '2013-11-08 18:30:00']",240.694869,387.3174,387.2446,0.03442097,200,39.8866,29.7452,0.0058,20000,865.377123
mlp_ds100000_s123_128x64_d0.0_b256_090,"{""cpu"": ""arm"", ""ram_gb"": 16.0, ""gpu"": false}",mlp,100000,72000,20000,8000,6,medium,"{'input_dim': 6, 'hidden_layers': [128, 64], 'dropout': 0.0, 'lr': 0.001}",123,"['2011-01-02 00:15:00', '2013-11-08 18:30:00']",90.098641,390.7807,390.6716,0.03422165,200,38.8517,28.8893,0.005,20000,1000.222258
mlp_ds100000_s123_128x64_d0.3_b32_091,"{""cpu"": ""arm"", ""ram_gb"": 16.0, ""gpu"": false}",mlp,100000,72000,20000,8000,6,medium,"{'input_dim': 6, 'hidden_layers': [128, 64], 'dropout': 0.3, 'lr': 0.001}",123,"['2011-01-02 00:15:00', '2013-11-08 18:30:00']",18.075197,420.2697,420.1974,0.03385353,14,44.4372,32.3863,0.0041,20000,953.708291
mlp_ds100000_s123_128x64_d0.3_b256_092,"{""cpu"": ""arm"", ""ram_gb"": 16.0, ""gpu"": false}",mlp,100000,72000,20000,8000,6,medium,"{'input_dim': 6, 'hidden_layers': [128, 64], 'dropout': 0.3, 'lr': 0.001}",123,"['2011-01-02 00:15:00', '2013-11-08 18:30:00']",13.663331,401.9827,401.8742,0.03372288,28,43.0388,30.6702,0.0037,20000,1124.909779
mlp_ds100000_s123_256x128x64_d0.0_b32_093,"{""cpu"": ""arm"", ""ram_gb"": 16.0, ""gpu"": false}",mlp,100000,72000,20000,8000,6,high,"{'input_dim': 6, 'hidden_layers': [256, 128, 64], 'dropout': 0.0, 'lr': 0.001}",123,"['2011-01-02 00:15:00', '2013-11-08 18:30:00']",33.555431,440.836,440.7618,0.15554142,22,43.5342,33.9207,0.0163,20000,276.360028
mlp_ds100000_s123_256x128x64_d0.0_b256_094,"{""cpu"": ""arm"", ""ram_gb"": 16.0, ""gpu"": false}",mlp,100000,72000,20000,8000,6,high,"{'input_dim': 6, 'hidden_layers': [256, 128, 64], 'dropout': 0.0, 'lr': 0.001}",123,"['2011-01-02 00:15:00', '2013-11-08 18:30:00']",98.81768,453.5969,453.486,0.15492439,200,37.3685,27.4947,0.0189,20000,273.450233
mlp_ds100000_s123_256x128x64_d0.3_b32_095,"{""cpu"": ""arm"", ""ram_gb"": 16.0, ""gpu"": false}",mlp,100000,72000,20000,8000,6,high,"{'input_dim': 6, 'hidden_layers': [256, 128, 64], 'dropout': 0.3, 'lr': 0.001}",123,"['2011-01-02 00:15:00', '2013-11-08 18:30:00']",27.441058,507.1948,507.1208,0.15446281,16,40.7666,29.9116,0.0152,20000,277.021599
mlp_ds100000_s123_256x128x64_d0.3_b256_096,"{""cpu"": ""arm"", ""ram_gb"": 16.0, ""gpu"": false}",mlp,100000,72000,20000,8000,6,high,"{'input_dim': 6, 'hidden_layers': [256, 128, 64], 'dropout': 0.3, 'lr': 0.001}",123,"['2011-01-02 00:15:00', '2013-11-08 18:30:00']",17.669156,457.8462,457.7356,0.15314484,29,42.4033,31.6908,0.0097,20000,444.281358
mlp_ds100000_s999_64x32_d0.0_b32_097,"{""cpu"": ""arm"", ""ram_gb"": 16.0, ""gpu"": false}",mlp,100000,72000,20000,8000,6,low,"{'input_dim': 6, 'hidden_layers': [64, 32], 'dropout': 0.0, 'lr': 0.001}",999,"['2011-01-02 00:15:00', '2013-11-08 18:30:00']",189.477321,547.943,547.8699,0.01019764,163,37.5987,27.7152,0.0032,20000,1091.143909
mlp_ds100000_s999_64x32_d0.0_b256_098,"{""cpu"": ""arm"", ""ram_gb"": 16.0, ""gpu"": false}",mlp,100000,72000,20000,8000,6,low,"{'input_dim': 6, 'hidden_layers': [64, 32], 'dropout': 0.0, 'lr': 0.001}",999,"['2011-01-02 00:15:00', '2013-11-08 18:30:00']",83.778204,367.9994,367.8903,0.0100832,200,37.5525,27.777,0.0019,20000,2210.925643
mlp_ds100000_s999_64x32_d0.3_b32_099,"{""cpu"": ""arm"", ""ram_gb"": 16.0, ""gpu"": false}",mlp,100000,72000,20000,8000,6,low,"{'input_dim': 6, 'hidden_layers': [64, 32], 'dropout': 0.3, 'lr': 0.001}",999,"['2011-01-02 00:15:00', '2013-11-08 18:30:00']",27.201041,375.7075,375.635,0.01003075,22,46.8498,34.6876,0.002,20000,1687.923764
mlp_ds100000_s999_64x32_d0.3_b256_100,"{""cpu"": ""arm"", ""ram_gb"": 16.0, ""gpu"": false}",mlp,100000,72000,20000,8000,6,low,"{'input_dim': 6, 'hidden_layers': [64, 32], 'dropout': 0.3, 'lr': 0.001}",999,"['2011-01-02 00:15:00', '2013-11-08 18:30:00']",14.562487,340.2946,340.1864,0.01010799,32,47.5264,35.075,0.0019,20000,1899.819648
mlp_ds100000_s999_128x64_d0.0_b32_101,"{""cpu"": ""arm"", ""ram_gb"": 16.0, ""gpu"": false}",mlp,100000,72000,20000,8000,6,medium,"{'input_dim': 6, 'hidden_layers': [128, 64], 'dropout': 0.0, 'lr': 0.001}",999,"['2011-01-02 00:15:00', '2013-11-08 18:30:00']",237.309558,369.9737,369.9009,0.03447247,200,40.118,29.8464,0.0122,20000,457.520083
mlp_ds100000_s999_128x64_d0.0_b256_102,"{""cpu"": ""arm"", ""ram_gb"": 16.0, ""gpu"": false}",mlp,100000,72000,20000,8000,6,medium,"{'input_dim': 6, 'hidden_layers': [128, 64], 'dropout': 0.0, 'lr': 0.001}",999,"['2011-01-02 00:15:00', '2013-11-08 18:30:00']",89.010338,382.1244,382.0153,0.03425884,200,39.7086,29.4282,0.0095,20000,565.12125
mlp_ds100000_s999_128x64_d0.3_b32_103,"{""cpu"": ""arm"", ""ram_gb"": 16.0, ""gpu"": false}",mlp,100000,72000,20000,8000,6,medium,"{'input_dim': 6, 'hidden_layers': [128, 64], 'dropout': 0.3, 'lr': 0.001}",999,"['2011-01-02 00:15:00', '2013-11-08 18:30:00']",32.142812,400.1762,400.1037,0.03375244,25,43.7786,31.3057,0.0036,20000,1132.424959
mlp_ds100000_s999_128x64_d0.3_b256_104,"{""cpu"": ""arm"", ""ram_gb"": 16.0, ""gpu"": false}",mlp,100000,72000,20000,8000,6,medium,"{'input_dim': 6, 'hidden_layers': [128, 64], 'dropout': 0.3, 'lr': 0.001}",999,"['2011-01-02 00:15:00', '2013-11-08 18:30:00']",14.896178,404.451,404.3427,0.0334568,31,42.6703,31.1602,0.0044,20000,973.729113
mlp_ds100000_s999_256x128x64_d0.0_b32_105,"{""cpu"": ""arm"", ""ram_gb"": 16.0, ""gpu"": false}",mlp,100000,72000,20000,8000,6,high,"{'input_dim': 6, 'hidden_layers': [256, 128, 64], 'dropout': 0.0, 'lr': 0.001}",999,"['2011-01-02 00:15:00', '2013-11-08 18:30:00']",33.618623,412.4298,412.3555,0.15546322,21,43.4771,33.5567,0.0179,20000,268.089233
mlp_ds100000_s999_256x128x64_d0.0_b256_106,"{""cpu"": ""arm"", ""ram_gb"": 16.0, ""gpu"": false}",mlp,100000,72000,20000,8000,6,high,"{'input_dim': 6, 'hidden_layers': [256, 128, 64], 'dropout': 0.0, 'lr': 0.001}",999,"['2011-01-02 00:15:00', '2013-11-08 18:30:00']",102.770074,468.0032,467.8922,0.15515327,200,37.3815,27.549,0.0243,20000,208.40005
mlp_ds100000_s999_256x128x64_d0.3_b32_107,"{""cpu"": ""arm"", ""ram_gb"": 16.0, ""gpu"": false}",mlp,100000,72000,20000,8000,6,high,"{'input_dim': 6, 'hidden_layers': [256, 128, 64], 'dropout': 0.3, 'lr': 0.001}",999,"['2011-01-02 00:15:00', '2013-11-08 18:30:00']",53.837517,441.4604,441.3865,0.15497494,31,41.5789,31.533,0.0192,20000,247.410423
mlp_ds100000_s999_256x128x64_d0.3_b256_108,"{""cpu"": ""arm"", ""ram_gb"": 16.0, ""gpu"": false}",mlp,100000,72000,20000,8000,6,high,"{'input_dim': 6, 'hidden_layers': [256, 128, 64], 'dropout': 0.3, 'lr': 0.001}",999,"['2011-01-02 00:15:00', '2013-11-08 18:30:00']",13.587068,386.315,386.2044,0.15295029,22,46.2438,35.2119,0.0146,20000,323.890887
rf_ds1000_s42_n50_d10_001,"{""cpu"": ""arm"", ""ram_gb"": 16.0, ""gpu"": false}",rf,1000,800,200,0,6,high,"{'n_estimators': 50, 'max_depth': 10, 'min_samples_leaf': 1, 'max_features': 'sqrt', 'random_seed': 42}",42,"['2011-01-02 00:15:00', '2011-01-12 10:00:00']",0.114781,470.1922,470.1196,0.50738907,1,37.0855,29.0432,0.0014,200,2222.038108
rf_ds1000_s42_n50_d50_002,"{""cpu"": ""arm"", ""ram_gb"": 16.0, ""gpu"": false}",rf,1000,800,200,0,6,high,"{'n_estimators': 50, 'max_depth': 50, 'min_samples_leaf': 1, 'max_features': 'sqrt', 'random_seed': 42}",42,"['2011-01-02 00:15:00', '2011-01-12 10:00:00']",0.11452,485.7281,485.6765,0.78209686,1,38.6879,29.5591,0.0015,200,1960.135702
rf_ds1000_s42_n50_dunlimit_003,"{""cpu"": ""arm"", ""ram_gb"": 16.0, ""gpu"": false}",rf,1000,800,200,0,6,high,"{'n_estimators': 50, 'max_depth': None, 'min_samples_leaf': 1, 'max_features': 'sqrt', 'random_seed': 42}",42,"['2011-01-02 00:15:00', '2011-01-12 10:00:00']",0.11348,498.3997,498.3483,0.78188324,1,38.6879,29.5591,0.0016,200,1875.297091
rf_ds1000_s42_n100_d10_004,"{""cpu"": ""arm"", ""ram_gb"": 16.0, ""gpu"": false}",rf,1000,800,200,0,6,high,"{'n_estimators': 100, 'max_depth': 10, 'min_samples_leaf': 1, 'max_features': 'sqrt', 'random_seed': 42}",42,"['2011-01-02 00:15:00', '2011-01-12 10:00:00']",0.214925,513.7205,513.6571,1.0173769,1,36.8452,28.8648,0.0027,200,1332.85805
rf_ds1000_s42_n100_d50_005,"{""cpu"": ""arm"", ""ram_gb"": 16.0, ""gpu"": false}",rf,1000,800,200,0,6,high,"{'n_estimators': 100, 'max_depth': 50, 'min_samples_leaf': 1, 'max_features': 'sqrt', 'random_seed': 42}",42,"['2011-01-02 00:15:00', '2011-01-12 10:00:00']",0.222435,530.4746,530.4092,1.56363869,1,37.1273,28.8225,0.003,200,1189.795641
rf_ds1000_s42_n100_dunlimit_006,"{""cpu"": ""arm"", ""ram_gb"": 16.0, ""gpu"": false}",rf,1000,800,200,0,6,high,"{'n_estimators': 100, 'max_depth': None, 'min_samples_leaf': 1, 'max_features': 'sqrt', 'random_seed': 42}",42,"['2011-01-02 00:15:00', '2011-01-12 10:00:00']",0.247958,544.5016,544.4383,1.56321049,1,37.1273,28.8225,0.0032,200,1093.236794
rf_ds1000_s123_n50_d10_007,"{""cpu"": ""arm"", ""ram_gb"": 16.0, ""gpu"": false}",rf,1000,800,200,0,6,high,"{'n_estimators': 50, 'max_depth': 10, 'min_samples_leaf': 1, 'max_features': 'sqrt', 'random_seed': 123}",123,"['2011-01-02 00:15:00', '2011-01-12 10:00:00']",0.111378,558.4303,558.3792,0.50777245,1,37.6559,29.2469,0.0014,200,1878.208363
rf_ds1000_s123_n50_d50_008,"{""cpu"": ""arm"", ""ram_gb"": 16.0, ""gpu"": false}",rf,1000,800,200,0,6,high,"{'n_estimators': 50, 'max_depth': 50, 'min_samples_leaf': 1, 'max_features': 'sqrt', 'random_seed': 123}",123,"['2011-01-02 00:15:00', '2011-01-12 10:00:00']",0.111991,573.3849,573.3331,0.7873106,1,38.3334,29.7902,0.0015,200,1701.270823
rf_ds1000_s123_n50_dunlimit_009,"{""cpu"": ""arm"", ""ram_gb"": 16.0, ""gpu"": false}",rf,1000,800,200,0,6,high,"{'n_estimators': 50, 'max_depth': None, 'min_samples_leaf': 1, 'max_features': 'sqrt', 'random_seed': 123}",123,"['2011-01-02 00:15:00', '2011-01-12 10:00:00']",0.111332,587.5553,587.5042,0.78710365,1,38.3334,29.7902,0.0015,200,1666.05715
rf_ds1000_s123_n100_d10_010,"{""cpu"": ""arm"", ""ram_gb"": 16.0, ""gpu"": false}",rf,1000,800,200,0,6,high,"{'n_estimators': 100, 'max_depth': 10, 'min_samples_leaf': 1, 'max_features': 'sqrt', 'random_seed': 123}",123,"['2011-01-02 00:15:00', '2011-01-12 10:00:00']",0.216344,599.2987,599.2353,1.00859928,1,38.2439,29.4507,0.0026,200,1133.258959
rf_ds1000_s123_n100_d50_011,"{""cpu"": ""arm"", ""ram_gb"": 16.0, ""gpu"": false}",rf,1000,800,200,0,6,high,"{'n_estimators': 100, 'max_depth': 50, 'min_samples_leaf': 1, 'max_features': 'sqrt', 'random_seed': 123}",123,"['2011-01-02 00:15:00', '2011-01-12 10:00:00']",0.242492,614.2058,614.142,1.56879711,1,37.935,29.5246,0.003,200,1017.749411
rf_ds1000_s123_n100_dunlimit_012,"{""cpu"": ""arm"", ""ram_gb"": 16.0, ""gpu"": false}",rf,1000,800,200,0,6,high,"{'n_estimators': 100, 'max_depth': None, 'min_samples_leaf': 1, 'max_features': 'sqrt', 'random_seed': 123}",123,"['2011-01-02 00:15:00', '2011-01-12 10:00:00']",0.228451,627.5018,627.4384,1.56840706,1,37.935,29.5246,0.0032,200,949.210427
rf_ds1000_s999_n50_d10_013,"{""cpu"": ""arm"", ""ram_gb"": 16.0, ""gpu"": false}",rf,1000,800,200,0,6,high,"{'n_estimators': 50, 'max_depth': 10, 'min_samples_leaf': 1, 'max_features': 'sqrt', 'random_seed': 999}",999,"['2011-01-02 00:15:00', '2011-01-12 10:00:00']",0.122833,597.1959,597.1448,0.50876522,1,36.1988,28.263,0.0023,200,1329.255295
rf_ds1000_s999_n50_d50_014,"{""cpu"": ""arm"", ""ram_gb"": 16.0, ""gpu"": false}",rf,1000,800,200,0,6,high,"{'n_estimators': 50, 'max_depth': 50, 'min_samples_leaf': 1, 'max_features': 'sqrt', 'random_seed': 999}",999,"['2011-01-02 00:15:00', '2011-01-12 10:00:00']",0.114003,536.931,536.8796,0.77935028,1,36.8596,28.3492,0.0015,200,1882.530601
rf_ds1000_s999_n50_dunlimit_015,"{""cpu"": ""arm"", ""ram_gb"": 16.0, ""gpu"": false}",rf,1000,800,200,0,6,high,"{'n_estimators': 50, 'max_depth': None, 'min_samples_leaf': 1, 'max_features': 'sqrt', 'random_seed': 999}",999,"['2011-01-02 00:15:00', '2011-01-12 10:00:00']",0.114653,491.3426,491.2885,0.77915478,1,36.8596,28.3492,0.0015,200,2040.908331
rf_ds1000_s999_n100_d10_016,"{""cpu"": ""arm"", ""ram_gb"": 16.0, ""gpu"": false}",rf,1000,800,200,0,6,high,"{'n_estimators': 100, 'max_depth': 10, 'min_samples_leaf': 1, 'max_features': 'sqrt', 'random_seed': 999}",999,"['2011-01-02 00:15:00', '2011-01-12 10:00:00']",0.226409,506.4704,506.4071,1.0029192,1,36.5129,28.7682,0.0026,200,1380.486577
rf_ds1000_s999_n100_d50_017,"{""cpu"": ""arm"", ""ram_gb"": 16.0, ""gpu"": false}",rf,1000,800,200,0,6,high,"{'n_estimators': 100, 'max_depth': 50, 'min_samples_leaf': 1, 'max_features': 'sqrt', 'random_seed': 999}",999,"['2011-01-02 00:15:00', '2011-01-12 10:00:00']",0.232792,505.7204,505.6571,1.56292534,1,36.7001,28.5202,0.0031,200,1226.690232
rf_ds1000_s999_n100_dunlimit_018,"{""cpu"": ""arm"", ""ram_gb"": 16.0, ""gpu"": false}",rf,1000,800,200,0,6,high,"{'n_estimators': 100, 'max_depth': None, 'min_samples_leaf': 1, 'max_features': 'sqrt', 'random_seed': 999}",999,"['2011-01-02 00:15:00', '2011-01-12 10:00:00']",0.222207,517.0016,516.9383,1.56246853,1,36.7001,28.5202,0.003,200,1236.031376
rf_ds10000_s42_n50_d10_019,"{""cpu"": ""arm"", ""ram_gb"": 16.0, ""gpu"": false}",rf,10000,8000,2000,0,6,high,"{'n_estimators': 50, 'max_depth': 10, 'min_samples_leaf': 1, 'max_features': 'sqrt', 'random_seed': 42}",42,"['2011-01-02 00:15:00', '2011-04-16 04:00:00']",0.227563,530.7954,530.5383,1.30681992,1,58.4514,40.1644,0.006,2000,432.936196
rf_ds10000_s42_n50_d50_020,"{""cpu"": ""arm"", ""ram_gb"": 16.0, ""gpu"": false}",rf,10000,8000,2000,0,6,high,"{'n_estimators': 50, 'max_depth': 50, 'min_samples_leaf': 1, 'max_features': 'sqrt', 'random_seed': 42}",42,"['2011-01-02 00:15:00', '2011-04-16 04:00:00']",0.317077,540.2017,539.9446,6.96493626,1,53.7731,37.7694,0.0121,2000,246.58985
rf_ds10000_s42_n50_dunlimit_021,"{""cpu"": ""arm"", ""ram_gb"": 16.0, ""gpu"": false}",rf,10000,8000,2000,0,6,high,"{'n_estimators': 50, 'max_depth': None, 'min_samples_leaf': 1, 'max_features': 'sqrt', 'random_seed': 42}",42,"['2011-01-02 00:15:00', '2011-04-16 04:00:00']",0.353742,576.0298,575.7727,6.96486187,1,53.7731,37.7694,0.0119,2000,234.984212
rf_ds10000_s42_n100_d10_022,"{""cpu"": ""arm"", ""ram_gb"": 16.0, ""gpu"": false}",rf,10000,8000,2000,0,6,high,"{'n_estimators': 100, 'max_depth': 10, 'min_samples_leaf': 1, 'max_features': 'sqrt', 'random_seed': 42}",42,"['2011-01-02 00:15:00', '2011-04-16 04:00:00']",0.469487,532.4448,532.1755,2.63183594,1,58.523,40.1689,0.0117,2000,236.9194
rf_ds10000_s42_n100_d50_023,"{""cpu"": ""arm"", ""ram_gb"": 16.0, ""gpu"": false}",rf,10000,8000,2000,0,6,high,"{'n_estimators': 100, 'max_depth': 50, 'min_samples_leaf': 1, 'max_features': 'sqrt', 'random_seed': 42}",42,"['2011-01-02 00:15:00', '2011-04-16 04:00:00']",0.648276,523.5542,523.2849,13.93438721,1,54.1941,37.9099,0.0244,2000,129.36114
rf_ds10000_s42_n100_dunlimit_024,"{""cpu"": ""arm"", ""ram_gb"": 16.0, ""gpu"": false}",rf,10000,8000,2000,0,6,high,"{'n_estimators': 100, 'max_depth': None, 'min_samples_leaf': 1, 'max_features': 'sqrt', 'random_seed': 42}",42,"['2011-01-02 00:15:00', '2011-04-16 04:00:00']",0.653759,556.1323,555.863,13.93427563,1,54.1941,37.9099,0.0235,2000,126.835459
rf_ds10000_s123_n50_d10_025,"{""cpu"": ""arm"", ""ram_gb"": 16.0, ""gpu"": false}",rf,10000,8000,2000,0,6,high,"{'n_estimators': 50, 'max_depth': 10, 'min_samples_leaf': 1, 'max_features': 'sqrt', 'random_seed': 123}",123,"['2011-01-02 00:15:00', '2011-04-16 04:00:00']",0.221449,514.1392,513.8821,1.32655239,1,59.3246,40.6609,0.0059,2000,444.033894
rf_ds10000_s123_n50_d50_026,"{""cpu"": ""arm"", ""ram_gb"": 16.0, ""gpu"": false}",rf,10000,8000,2000,0,6,high,"{'n_estimators': 50, 'max_depth': 50, 'min_samples_leaf': 1, 'max_features': 'sqrt', 'random_seed': 123}",123,"['2011-01-02 00:15:00', '2011-04-16 04:00:00']",0.313887,528.1392,527.8821,6.96991158,1,55.7837,38.8521,0.0112,2000,258.822305
rf_ds10000_s123_n50_dunlimit_027,"{""cpu"": ""arm"", ""ram_gb"": 16.0, ""gpu"": false}",rf,10000,8000,2000,0,6,high,"{'n_estimators': 50, 'max_depth': None, 'min_samples_leaf': 1, 'max_features': 'sqrt', 'random_seed': 123}",123,"['2011-01-02 00:15:00', '2011-04-16 04:00:00']",0.312933,552.0923,551.8352,6.96987534,1,55.7837,38.8521,0.0112,2000,248.570226
rf_ds10000_s123_n100_d10_028,"{""cpu"": ""arm"", ""ram_gb"": 16.0, ""gpu"": false}",rf,10000,8000,2000,0,6,high,"{'n_estimators': 100, 'max_depth': 10, 'min_samples_leaf': 1, 'max_features': 'sqrt', 'random_seed': 123}",123,"['2011-01-02 00:15:00', '2011-04-16 04:00:00']",0.438591,554.6793,554.4099,2.65839577,1,57.9073,39.7099,0.0115,2000,232.800628
rf_ds10000_s123_n100_d50_029,"{""cpu"": ""arm"", ""ram_gb"": 16.0, ""gpu"": false}",rf,10000,8000,2000,0,6,high,"{'n_estimators': 100, 'max_depth': 50, 'min_samples_leaf': 1, 'max_features': 'sqrt', 'random_seed': 123}",123,"['2011-01-02 00:15:00', '2011-04-16 04:00:00']",0.622047,569.6168,569.3474,13.94695187,1,56.6862,39.2271,0.0233,2000,119.71002
rf_ds10000_s123_n100_dunlimit_030,"{""cpu"": ""arm"", ""ram_gb"": 16.0, ""gpu"": false}",rf,10000,8000,2000,0,6,high,"{'n_estimators': 100, 'max_depth': None, 'min_samples_leaf': 1, 'max_features': 'sqrt', 'random_seed': 123}",123,"['2011-01-02 00:15:00', '2011-04-16 04:00:00']",0.619336,608.5386,608.2693,13.94684982,1,56.6862,39.2271,0.0224,2000,116.913606
rf_ds10000_s999_n50_d10_031,"{""cpu"": ""arm"", ""ram_gb"": 16.0, ""gpu"": false}",rf,10000,8000,2000,0,6,high,"{'n_estimators': 50, 'max_depth': 10, 'min_samples_leaf': 1, 'max_features': 'sqrt', 'random_seed': 999}",999,"['2011-01-02 00:15:00', '2011-04-16 04:00:00']",0.219113,631.7173,631.4602,1.34196568,1,57.198,39.6611,0.0059,2000,380.091556
rf_ds10000_s999_n50_d50_032,"{""cpu"": ""arm"", ""ram_gb"": 16.0, ""gpu"": false}",rf,10000,8000,2000,0,6,high,"{'n_estimators': 50, 'max_depth': 50, 'min_samples_leaf': 1, 'max_features': 'sqrt', 'random_seed': 999}",999,"['2011-01-02 00:15:00', '2011-04-16 04:00:00']",0.30588,641.6079,641.3508,6.99382019,1,57.7463,40.0,0.011,2000,213.492196
rf_ds10000_s999_n50_dunlimit_033,"{""cpu"": ""arm"", ""ram_gb"": 16.0, ""gpu"": false}",rf,10000,8000,2000,0,6,high,"{'n_estimators': 50, 'max_depth': None, 'min_samples_leaf': 1, 'max_features': 'sqrt', 'random_seed': 999}",999,"['2011-01-02 00:15:00', '2011-04-16 04:00:00']",0.308098,616.3267,616.0696,6.99370766,1,57.7463,40.0,0.0111,2000,218.982331
rf_ds10000_s999_n100_d10_034,"{""cpu"": ""arm"", ""ram_gb"": 16.0, ""gpu"": false}",rf,10000,8000,2000,0,6,high,"{'n_estimators': 100, 'max_depth': 10, 'min_samples_leaf': 1, 'max_features': 'sqrt', 'random_seed': 999}",999,"['2011-01-02 00:15:00', '2011-04-16 04:00:00']",0.446408,637.1011,636.8318,2.67178822,1,57.9426,40.0447,0.0115,2000,206.214605
rf_ds10000_s999_n100_d50_035,"{""cpu"": ""arm"", ""ram_gb"": 16.0, ""gpu"": false}",rf,10000,8000,2000,0,6,high,"{'n_estimators': 100, 'max_depth': 50, 'min_samples_leaf': 1, 'max_features': 'sqrt', 'random_seed': 999}",999,"['2011-01-02 00:15:00', '2011-04-16 04:00:00']",0.616752,650.8511,650.5818,13.96546936,1,55.9655,38.899,0.023,2000,108.688442
rf_ds10000_s999_n100_dunlimit_036,"{""cpu"": ""arm"", ""ram_gb"": 16.0, ""gpu"": false}",rf,10000,8000,2000,0,6,high,"{'n_estimators': 100, 'max_depth': None, 'min_samples_leaf': 1, 'max_features': 'sqrt', 'random_seed': 999}",999,"['2011-01-02 00:15:00', '2011-04-16 04:00:00']",0.709708,709.6636,709.3943,13.96517277,1,55.9655,38.899,0.0342,2000,68.326961
rf_ds100000_s42_n50_d10_037,"{""cpu"": ""arm"", ""ram_gb"": 16.0, ""gpu"": false}",rf,100000,80000,20000,0,6,high,"{'n_estimators': 50, 'max_depth': 10, 'min_samples_leaf': 1, 'max_features': 'sqrt', 'random_seed': 42}",42,"['2011-01-02 00:15:00', '2013-11-08 18:30:00']",1.393302,635.134,632.817,2.23174572,1,34.9451,25.8408,0.0484,20000,86.458665
rf_ds100000_s42_n50_d50_038,"{""cpu"": ""arm"", ""ram_gb"": 16.0, ""gpu"": false}",rf,100000,80000,20000,0,6,high,"{'n_estimators': 50, 'max_depth': 50, 'min_samples_leaf': 1, 'max_features': 'sqrt', 'random_seed': 42}",42,"['2011-01-02 00:15:00', '2013-11-08 18:30:00']",2.701745,584.0715,581.7545,67.99413586,1,34.6138,25.3791,0.2094,20000,22.13062
rf_ds100000_s42_n50_dunlimit_039,"{""cpu"": ""arm"", ""ram_gb"": 16.0, ""gpu"": false}",rf,100000,80000,20000,0,6,high,"{'n_estimators': 50, 'max_depth': None, 'min_samples_leaf': 1, 'max_features': 'sqrt', 'random_seed': 42}",42,"['2011-01-02 00:15:00', '2013-11-08 18:30:00']",2.695396,841.0247,838.7076,67.99410439,1,34.6138,25.3791,0.1979,20000,16.671052
rf_ds100000_s42_n100_d10_040,"{""cpu"": ""arm"", ""ram_gb"": 16.0, ""gpu"": false}",rf,100000,80000,20000,0,6,high,"{'n_estimators': 100, 'max_depth': 10, 'min_samples_leaf': 1, 'max_features': 'sqrt', 'random_seed': 42}",42,"['2011-01-02 00:15:00', '2013-11-08 18:30:00']",2.854662,910.4397,908.1105,4.4742651,1,34.9367,25.8199,0.0982,20000,30.740058
rf_ds100000_s42_n100_d50_041,"{""cpu"": ""arm"", ""ram_gb"": 16.0, ""gpu"": false}",rf,100000,80000,20000,0,6,high,"{'n_estimators': 100, 'max_depth': 50, 'min_samples_leaf': 1, 'max_features': 'sqrt', 'random_seed': 42}",42,"['2011-01-02 00:15:00', '2013-11-08 18:30:00']",5.317928,612.6585,610.3292,136.00666809,1,34.4109,25.206,0.4401,20000,10.162515
rf_ds100000_s42_n100_dunlimit_042,"{""cpu"": ""arm"", ""ram_gb"": 16.0, ""gpu"": false}",rf,100000,80000,20000,0,6,high,"{'n_estimators': 100, 'max_depth': None, 'min_samples_leaf': 1, 'max_features': 'sqrt', 'random_seed': 42}",42,"['2011-01-02 00:15:00', '2013-11-08 18:30:00']",5.497036,973.1428,970.8136,136.0066452,1,34.4109,25.206,0.4033,20000,7.186301
rf_ds100000_s123_n50_d10_043,"{""cpu"": ""arm"", ""ram_gb"": 16.0, ""gpu"": false}",rf,100000,80000,20000,0,6,high,"{'n_estimators': 50, 'max_depth': 10, 'min_samples_leaf': 1, 'max_features': 'sqrt', 'random_seed': 123}",123,"['2011-01-02 00:15:00', '2013-11-08 18:30:00']",1.369457,1226.3372,1224.0201,2.24818993,1,34.9375,25.8212,0.0473,20000,47.465017
rf_ds100000_s123_n50_d50_044,"{""cpu"": ""arm"", ""ram_gb"": 16.0, ""gpu"": false}",rf,100000,80000,20000,0,6,high,"{'n_estimators': 50, 'max_depth': 50, 'min_samples_leaf': 1, 'max_features': 'sqrt', 'random_seed': 123}",123,"['2011-01-02 00:15:00', '2013-11-08 18:30:00']",2.661046,1243.634,1241.317,67.99017239,1,34.5599,25.3643,0.1881,20000,12.103781
rf_ds100000_s123_n50_dunlimit_045,"{""cpu"": ""arm"", ""ram_gb"": 16.0, ""gpu"": false}",rf,100000,80000,20000,0,6,high,"{'n_estimators': 50, 'max_depth': None, 'min_samples_leaf': 1, 'max_features': 'sqrt', 'random_seed': 123}",123,"['2011-01-02 00:15:00', '2013-11-08 18:30:00']",2.90113,1309.6497,1307.3326,67.99010849,1,34.5599,25.3643,0.2046,20000,10.590943
rf_ds100000_s123_n100_d10_046,"{""cpu"": ""arm"", ""ram_gb"": 16.0, ""gpu"": false}",rf,100000,80000,20000,0,6,high,"{'n_estimators': 100, 'max_depth': 10, 'min_samples_leaf': 1, 'max_features': 'sqrt', 'random_seed': 123}",123,"['2011-01-02 00:15:00', '2013-11-08 18:30:00']",2.732913,642.721,640.3918,4.49164486,1,34.8459,25.7555,0.0951,20000,44.071773
rf_ds100000_s123_n100_d50_047,"{""cpu"": ""arm"", ""ram_gb"": 16.0, ""gpu"": false}",rf,100000,80000,20000,0,6,high,"{'n_estimators': 100, 'max_depth': 50, 'min_samples_leaf': 1, 'max_features': 'sqrt', 'random_seed': 123}",123,"['2011-01-02 00:15:00', '2013-11-08 18:30:00']",5.354737,634.0335,631.7043,136.01502228,1,34.349,25.214,0.4833,20000,8.98408
rf_ds100000_s123_n100_dunlimit_048,"{""cpu"": ""arm"", ""ram_gb"": 16.0, ""gpu"": false}",rf,100000,80000,20000,0,6,high,"{'n_estimators': 100, 'max_depth': None, 'min_samples_leaf': 1, 'max_features': 'sqrt', 'random_seed': 123}",123,"['2011-01-02 00:15:00', '2013-11-08 18:30:00']",5.473931,894.2054,891.8761,136.0148468,1,34.349,25.214,0.4074,20000,7.721451
rf_ds100000_s999_n50_d10_049,"{""cpu"": ""arm"", ""ram_gb"": 16.0, ""gpu"": false}",rf,100000,80000,20000,0,6,high,"{'n_estimators': 50, 'max_depth': 10, 'min_samples_leaf': 1, 'max_features': 'sqrt', 'random_seed': 999}",999,"['2011-01-02 00:15:00', '2013-11-08 18:30:00']",1.363461,1005.2903,1002.9733,2.23540306,1,35.0917,25.948,0.0494,20000,54.829561
rf_ds100000_s999_n50_d50_050,"{""cpu"": ""arm"", ""ram_gb"": 16.0, ""gpu"": false}",rf,100000,80000,20000,0,6,high,"{'n_estimators': 50, 'max_depth': 50, 'min_samples_leaf': 1, 'max_features': 'sqrt', 'random_seed': 999}",999,"['2011-01-02 00:15:00', '2013-11-08 18:30:00']",2.878073,948.8215,946.5045,68.13003635,1,34.6421,25.4132,0.2137,20000,13.76678
rf_ds100000_s999_n50_dunlimit_051,"{""cpu"": ""arm"", ""ram_gb"": 16.0, ""gpu"": false}",rf,100000,80000,20000,0,6,high,"{'n_estimators': 50, 'max_depth': None, 'min_samples_leaf': 1, 'max_features': 'sqrt', 'random_seed': 999}",999,"['2011-01-02 00:15:00', '2013-11-08 18:30:00']",2.619739,783.1184,780.8014,68.1298418,1,34.6421,25.4132,0.189,20000,18.645354
rf_ds100000_s999_n100_d10_052,"{""cpu"": ""arm"", ""ram_gb"": 16.0, ""gpu"": false}",rf,100000,80000,20000,0,6,high,"{'n_estimators': 100, 'max_depth': 10, 'min_samples_leaf': 1, 'max_features': 'sqrt', 'random_seed': 999}",999,"['2011-01-02 00:15:00', '2013-11-08 18:30:00']",2.704965,817.9085,815.5792,4.46428871,1,35.0016,25.8584,0.0945,20000,35.242417
rf_ds100000_s999_n100_d50_053,"{""cpu"": ""arm"", ""ram_gb"": 16.0, ""gpu"": false}",rf,100000,80000,20000,0,6,high,"{'n_estimators': 100, 'max_depth': 50, 'min_samples_leaf': 1, 'max_features': 'sqrt', 'random_seed': 999}",999,"['2011-01-02 00:15:00', '2013-11-08 18:30:00']",5.417681,827.9866,825.6574,136.27692986,1,34.3944,25.229,0.4111,20000,8.216439
rf_ds100000_s999_n100_dunlimit_054,"{""cpu"": ""arm"", ""ram_gb"": 16.0, ""gpu"": false}",rf,100000,80000,20000,0,6,high,"{'n_estimators': 100, 'max_depth': None, 'min_samples_leaf': 1, 'max_features': 'sqrt', 'random_seed': 999}",999,"['2011-01-02 00:15:00', '2013-11-08 18:30:00']",5.308492,953.7522,951.423,136.27675152,1,34.3944,25.229,0.3856,20000,7.663445
